Airline,C_Date,DateOut,DateBack,Destination,Price
Play,2021-10-18,2021-10-21,2021-10-22,BER,42395
Play,2021-10-18,2021-10-21,2021-10-24,BER,49292
Play,2021-10-18,2021-10-21,2021-10-25,BER,49292
Play,2021-10-18,2021-10-21,2021-10-28,BER,40610
Play,2021-10-18,2021-10-21,2021-10-29,BER,40610
Play,2021-10-18,2021-10-21,2021-10-31,BER,42395
Play,2021-10-18,2021-10-21,2021-11-01,BER,40610
Play,2021-10-18,2021-10-21,2021-11-04,BER,40610
Play,2021-10-18,2021-10-21,2021-11-05,BER,37370
Play,2021-10-18,2021-10-21,2021-11-07,BER,40610
Play,2021-10-18,2021-10-21,2021-11-08,BER,42395
Play,2021-10-18,2021-10-21,2021-11-11,BER,37370
Play,2021-10-18,2021-10-21,2021-11-12,BER,37370
Play,2021-10-18,2021-10-21,2021-11-14,BER,40610
Play,2021-10-18,2021-10-21,2021-11-15,BER,43994
Play,2021-10-18,2021-10-21,2021-11-18,BER,37370
Play,2021-10-18,2021-10-21,2021-11-19,BER,40610
Play,2021-10-18,2021-10-21,2021-11-21,BER,40610
Play,2021-10-18,2021-10-21,2021-11-22,BER,47654
Play,2021-10-18,2021-10-21,2021-11-25,BER,37370
Play,2021-10-18,2021-10-21,2021-11-26,BER,37370
Play,2021-10-18,2021-10-21,2021-11-28,BER,42395
Play,2021-10-18,2021-10-21,2021-11-29,BER,47654
Play,2021-10-18,2021-10-21,2021-12-02,BER,43994
Play,2021-10-18,2021-10-21,2021-12-03,BER,40610
Play,2021-10-18,2021-10-21,2021-12-05,BER,42395
Play,2021-10-18,2021-10-21,2021-12-06,BER,51434
Play,2021-10-18,2021-10-21,2021-12-09,BER,37375
Play,2021-10-18,2021-10-21,2021-12-10,BER,40610
Play,2021-10-18,2021-10-22,2021-10-24,BER,49292
Play,2021-10-18,2021-10-22,2021-10-25,BER,49292
Play,2021-10-18,2021-10-22,2021-10-28,BER,40610
Play,2021-10-18,2021-10-22,2021-10-29,BER,40610
Play,2021-10-18,2021-10-22,2021-10-31,BER,42395
Play,2021-10-18,2021-10-22,2021-11-01,BER,40610
Play,2021-10-18,2021-10-22,2021-11-04,BER,40610
Play,2021-10-18,2021-10-22,2021-11-05,BER,37370
Play,2021-10-18,2021-10-22,2021-11-07,BER,40610
Play,2021-10-18,2021-10-22,2021-11-08,BER,42395
Play,2021-10-18,2021-10-22,2021-11-11,BER,37370
Play,2021-10-18,2021-10-22,2021-11-12,BER,37370
Play,2021-10-18,2021-10-22,2021-11-14,BER,40610
Play,2021-10-18,2021-10-22,2021-11-15,BER,43994
Play,2021-10-18,2021-10-22,2021-11-18,BER,37370
Play,2021-10-18,2021-10-22,2021-11-19,BER,40610
Play,2021-10-18,2021-10-22,2021-11-21,BER,40610
Play,2021-10-18,2021-10-22,2021-11-22,BER,47654
Play,2021-10-18,2021-10-22,2021-11-25,BER,37370
Play,2021-10-18,2021-10-22,2021-11-26,BER,37370
Play,2021-10-18,2021-10-22,2021-11-28,BER,42395
Play,2021-10-18,2021-10-22,2021-11-29,BER,47654
Play,2021-10-18,2021-10-22,2021-12-02,BER,43994
Play,2021-10-18,2021-10-22,2021-12-03,BER,40610
Play,2021-10-18,2021-10-22,2021-12-05,BER,42395
Play,2021-10-18,2021-10-22,2021-12-06,BER,51434
Play,2021-10-18,2021-10-22,2021-12-09,BER,37375
Play,2021-10-18,2021-10-22,2021-12-10,BER,40610
Play,2021-10-18,2021-10-24,2021-10-25,BER,42086
Play,2021-10-18,2021-10-24,2021-10-28,BER,33404
Play,2021-10-18,2021-10-24,2021-10-29,BER,33404
Play,2021-10-18,2021-10-24,2021-10-31,BER,35189
Play,2021-10-18,2021-10-24,2021-11-01,BER,33404
Play,2021-10-18,2021-10-24,2021-11-04,BER,33404
Play,2021-10-18,2021-10-24,2021-11-05,BER,30164
Play,2021-10-18,2021-10-24,2021-11-07,BER,33404
Play,2021-10-18,2021-10-24,2021-11-08,BER,35189
Play,2021-10-18,2021-10-24,2021-11-11,BER,30164
Play,2021-10-18,2021-10-24,2021-11-12,BER,30164
Play,2021-10-18,2021-10-24,2021-11-14,BER,33404
Play,2021-10-18,2021-10-24,2021-11-15,BER,36788
Play,2021-10-18,2021-10-24,2021-11-18,BER,30164
Play,2021-10-18,2021-10-24,2021-11-19,BER,33404
Play,2021-10-18,2021-10-24,2021-11-21,BER,33404
Play,2021-10-18,2021-10-24,2021-11-22,BER,40448
Play,2021-10-18,2021-10-24,2021-11-25,BER,30164
Play,2021-10-18,2021-10-24,2021-11-26,BER,30164
Play,2021-10-18,2021-10-24,2021-11-28,BER,35189
Play,2021-10-18,2021-10-24,2021-11-29,BER,40448
Play,2021-10-18,2021-10-24,2021-12-02,BER,36788
Play,2021-10-18,2021-10-24,2021-12-03,BER,33404
Play,2021-10-18,2021-10-24,2021-12-05,BER,35189
Play,2021-10-18,2021-10-24,2021-12-06,BER,44228
Play,2021-10-18,2021-10-24,2021-12-09,BER,30169
Play,2021-10-18,2021-10-24,2021-12-10,BER,33404
Play,2021-10-18,2021-10-25,2021-10-28,BER,26507
Play,2021-10-18,2021-10-25,2021-10-29,BER,26507
Play,2021-10-18,2021-10-25,2021-10-31,BER,28292
Play,2021-10-18,2021-10-25,2021-11-01,BER,26507
Play,2021-10-18,2021-10-25,2021-11-04,BER,26507
Play,2021-10-18,2021-10-25,2021-11-05,BER,23267
Play,2021-10-18,2021-10-25,2021-11-07,BER,26507
Play,2021-10-18,2021-10-25,2021-11-08,BER,28292
Play,2021-10-18,2021-10-25,2021-11-11,BER,23267
Play,2021-10-18,2021-10-25,2021-11-12,BER,23267
Play,2021-10-18,2021-10-25,2021-11-14,BER,26507
Play,2021-10-18,2021-10-25,2021-11-15,BER,29891
Play,2021-10-18,2021-10-25,2021-11-18,BER,23267
Play,2021-10-18,2021-10-25,2021-11-19,BER,26507
Play,2021-10-18,2021-10-25,2021-11-21,BER,26507
Play,2021-10-18,2021-10-25,2021-11-22,BER,33551
Play,2021-10-18,2021-10-25,2021-11-25,BER,23267
Play,2021-10-18,2021-10-25,2021-11-26,BER,23267
Play,2021-10-18,2021-10-25,2021-11-28,BER,28292
Play,2021-10-18,2021-10-25,2021-11-29,BER,33551
Play,2021-10-18,2021-10-25,2021-12-02,BER,29891
Play,2021-10-18,2021-10-25,2021-12-03,BER,26507
Play,2021-10-18,2021-10-25,2021-12-05,BER,28292
Play,2021-10-18,2021-10-25,2021-12-06,BER,37331
Play,2021-10-18,2021-10-25,2021-12-09,BER,23272
Play,2021-10-18,2021-10-25,2021-12-10,BER,26507
Play,2021-10-18,2021-10-28,2021-10-29,BER,30128
Play,2021-10-18,2021-10-28,2021-10-31,BER,31913
Play,2021-10-18,2021-10-28,2021-11-01,BER,30128
Play,2021-10-18,2021-10-28,2021-11-04,BER,30128
Play,2021-10-18,2021-10-28,2021-11-05,BER,26888
Play,2021-10-18,2021-10-28,2021-11-07,BER,30128
Play,2021-10-18,2021-10-28,2021-11-08,BER,31913
Play,2021-10-18,2021-10-28,2021-11-11,BER,26888
Play,2021-10-18,2021-10-28,2021-11-12,BER,26888
Play,2021-10-18,2021-10-28,2021-11-14,BER,30128
Play,2021-10-18,2021-10-28,2021-11-15,BER,33512
Play,2021-10-18,2021-10-28,2021-11-18,BER,26888
Play,2021-10-18,2021-10-28,2021-11-19,BER,30128
Play,2021-10-18,2021-10-28,2021-11-21,BER,30128
Play,2021-10-18,2021-10-28,2021-11-22,BER,37172
Play,2021-10-18,2021-10-28,2021-11-25,BER,26888
Play,2021-10-18,2021-10-28,2021-11-26,BER,26888
Play,2021-10-18,2021-10-28,2021-11-28,BER,31913
Play,2021-10-18,2021-10-28,2021-11-29,BER,37172
Play,2021-10-18,2021-10-28,2021-12-02,BER,33512
Play,2021-10-18,2021-10-28,2021-12-03,BER,30128
Play,2021-10-18,2021-10-28,2021-12-05,BER,31913
Play,2021-10-18,2021-10-28,2021-12-06,BER,40952
Play,2021-10-18,2021-10-28,2021-12-09,BER,26893
Play,2021-10-18,2021-10-28,2021-12-10,BER,30128
Play,2021-10-18,2021-10-29,2021-10-31,BER,28292
Play,2021-10-18,2021-10-29,2021-11-01,BER,26507
Play,2021-10-18,2021-10-29,2021-11-04,BER,26507
Play,2021-10-18,2021-10-29,2021-11-05,BER,23267
Play,2021-10-18,2021-10-29,2021-11-07,BER,26507
Play,2021-10-18,2021-10-29,2021-11-08,BER,28292
Play,2021-10-18,2021-10-29,2021-11-11,BER,23267
Play,2021-10-18,2021-10-29,2021-11-12,BER,23267
Play,2021-10-18,2021-10-29,2021-11-14,BER,26507
Play,2021-10-18,2021-10-29,2021-11-15,BER,29891
Play,2021-10-18,2021-10-29,2021-11-18,BER,23267
Play,2021-10-18,2021-10-29,2021-11-19,BER,26507
Play,2021-10-18,2021-10-29,2021-11-21,BER,26507
Play,2021-10-18,2021-10-29,2021-11-22,BER,33551
Play,2021-10-18,2021-10-29,2021-11-25,BER,23267
Play,2021-10-18,2021-10-29,2021-11-26,BER,23267
Play,2021-10-18,2021-10-29,2021-11-28,BER,28292
Play,2021-10-18,2021-10-29,2021-11-29,BER,33551
Play,2021-10-18,2021-10-29,2021-12-02,BER,29891
Play,2021-10-18,2021-10-29,2021-12-03,BER,26507
Play,2021-10-18,2021-10-29,2021-12-05,BER,28292
Play,2021-10-18,2021-10-29,2021-12-06,BER,37331
Play,2021-10-18,2021-10-29,2021-12-09,BER,23272
Play,2021-10-18,2021-10-29,2021-12-10,BER,26507
Play,2021-10-18,2021-10-31,2021-11-01,BER,26507
Play,2021-10-18,2021-10-31,2021-11-04,BER,26507
Play,2021-10-18,2021-10-31,2021-11-05,BER,23267
Play,2021-10-18,2021-10-31,2021-11-07,BER,26507
Play,2021-10-18,2021-10-31,2021-11-08,BER,28292
Play,2021-10-18,2021-10-31,2021-11-11,BER,23267
Play,2021-10-18,2021-10-31,2021-11-12,BER,23267
Play,2021-10-18,2021-10-31,2021-11-14,BER,26507
Play,2021-10-18,2021-10-31,2021-11-15,BER,29891
Play,2021-10-18,2021-10-31,2021-11-18,BER,23267
Play,2021-10-18,2021-10-31,2021-11-19,BER,26507
Play,2021-10-18,2021-10-31,2021-11-21,BER,26507
Play,2021-10-18,2021-10-31,2021-11-22,BER,33551
Play,2021-10-18,2021-10-31,2021-11-25,BER,23267
Play,2021-10-18,2021-10-31,2021-11-26,BER,23267
Play,2021-10-18,2021-10-31,2021-11-28,BER,28292
Play,2021-10-18,2021-10-31,2021-11-29,BER,33551
Play,2021-10-18,2021-10-31,2021-12-02,BER,29891
Play,2021-10-18,2021-10-31,2021-12-03,BER,26507
Play,2021-10-18,2021-10-31,2021-12-05,BER,28292
Play,2021-10-18,2021-10-31,2021-12-06,BER,37331
Play,2021-10-18,2021-10-31,2021-12-09,BER,23272
Play,2021-10-18,2021-10-31,2021-12-10,BER,26507
Play,2021-10-18,2021-11-01,2021-11-04,BER,26507
Play,2021-10-18,2021-11-01,2021-11-05,BER,23267
Play,2021-10-18,2021-11-01,2021-11-07,BER,26507
Play,2021-10-18,2021-11-01,2021-11-08,BER,28292
Play,2021-10-18,2021-11-01,2021-11-11,BER,23267
Play,2021-10-18,2021-11-01,2021-11-12,BER,23267
Play,2021-10-18,2021-11-01,2021-11-14,BER,26507
Play,2021-10-18,2021-11-01,2021-11-15,BER,29891
Play,2021-10-18,2021-11-01,2021-11-18,BER,23267
Play,2021-10-18,2021-11-01,2021-11-19,BER,26507
Play,2021-10-18,2021-11-01,2021-11-21,BER,26507
Play,2021-10-18,2021-11-01,2021-11-22,BER,33551
Play,2021-10-18,2021-11-01,2021-11-25,BER,23267
Play,2021-10-18,2021-11-01,2021-11-26,BER,23267
Play,2021-10-18,2021-11-01,2021-11-28,BER,28292
Play,2021-10-18,2021-11-01,2021-11-29,BER,33551
Play,2021-10-18,2021-11-01,2021-12-02,BER,29891
Play,2021-10-18,2021-11-01,2021-12-03,BER,26507
Play,2021-10-18,2021-11-01,2021-12-05,BER,28292
Play,2021-10-18,2021-11-01,2021-12-06,BER,37331
Play,2021-10-18,2021-11-01,2021-12-09,BER,23272
Play,2021-10-18,2021-11-01,2021-12-10,BER,26507
Play,2021-10-18,2021-11-04,2021-11-05,BER,26888
Play,2021-10-18,2021-11-04,2021-11-07,BER,30128
Play,2021-10-18,2021-11-04,2021-11-08,BER,31913
Play,2021-10-18,2021-11-04,2021-11-11,BER,26888
Play,2021-10-18,2021-11-04,2021-11-12,BER,26888
Play,2021-10-18,2021-11-04,2021-11-14,BER,30128
Play,2021-10-18,2021-11-04,2021-11-15,BER,33512
Play,2021-10-18,2021-11-04,2021-11-18,BER,26888
Play,2021-10-18,2021-11-04,2021-11-19,BER,30128
Play,2021-10-18,2021-11-04,2021-11-21,BER,30128
Play,2021-10-18,2021-11-04,2021-11-22,BER,37172
Play,2021-10-18,2021-11-04,2021-11-25,BER,26888
Play,2021-10-18,2021-11-04,2021-11-26,BER,26888
Play,2021-10-18,2021-11-04,2021-11-28,BER,31913
Play,2021-10-18,2021-11-04,2021-11-29,BER,37172
Play,2021-10-18,2021-11-04,2021-12-02,BER,33512
Play,2021-10-18,2021-11-04,2021-12-03,BER,30128
Play,2021-10-18,2021-11-04,2021-12-05,BER,31913
Play,2021-10-18,2021-11-04,2021-12-06,BER,40952
Play,2021-10-18,2021-11-04,2021-12-09,BER,26893
Play,2021-10-18,2021-11-04,2021-12-10,BER,30128
Play,2021-10-18,2021-11-05,2021-11-07,BER,28106
Play,2021-10-18,2021-11-05,2021-11-08,BER,29891
Play,2021-10-18,2021-11-05,2021-11-11,BER,24866
Play,2021-10-18,2021-11-05,2021-11-12,BER,24866
Play,2021-10-18,2021-11-05,2021-11-14,BER,28106
Play,2021-10-18,2021-11-05,2021-11-15,BER,31490
Play,2021-10-18,2021-11-05,2021-11-18,BER,24866
Play,2021-10-18,2021-11-05,2021-11-19,BER,28106
Play,2021-10-18,2021-11-05,2021-11-21,BER,28106
Play,2021-10-18,2021-11-05,2021-11-22,BER,35150
Play,2021-10-18,2021-11-05,2021-11-25,BER,24866
Play,2021-10-18,2021-11-05,2021-11-26,BER,24866
Play,2021-10-18,2021-11-05,2021-11-28,BER,29891
Play,2021-10-18,2021-11-05,2021-11-29,BER,35150
Play,2021-10-18,2021-11-05,2021-12-02,BER,31490
Play,2021-10-18,2021-11-05,2021-12-03,BER,28106
Play,2021-10-18,2021-11-05,2021-12-05,BER,29891
Play,2021-10-18,2021-11-05,2021-12-06,BER,38930
Play,2021-10-18,2021-11-05,2021-12-09,BER,24871
Play,2021-10-18,2021-11-05,2021-12-10,BER,28106
Play,2021-10-18,2021-11-07,2021-11-08,BER,26507
Play,2021-10-18,2021-11-07,2021-11-11,BER,21482
Play,2021-10-18,2021-11-07,2021-11-12,BER,21482
Play,2021-10-18,2021-11-07,2021-11-14,BER,24722
Play,2021-10-18,2021-11-07,2021-11-15,BER,28106
Play,2021-10-18,2021-11-07,2021-11-18,BER,21482
Play,2021-10-18,2021-11-07,2021-11-19,BER,24722
Play,2021-10-18,2021-11-07,2021-11-21,BER,24722
Play,2021-10-18,2021-11-07,2021-11-22,BER,31766
Play,2021-10-18,2021-11-07,2021-11-25,BER,21482
Play,2021-10-18,2021-11-07,2021-11-26,BER,21482
Play,2021-10-18,2021-11-07,2021-11-28,BER,26507
Play,2021-10-18,2021-11-07,2021-11-29,BER,31766
Play,2021-10-18,2021-11-07,2021-12-02,BER,28106
Play,2021-10-18,2021-11-07,2021-12-03,BER,24722
Play,2021-10-18,2021-11-07,2021-12-05,BER,26507
Play,2021-10-18,2021-11-07,2021-12-06,BER,35546
Play,2021-10-18,2021-11-07,2021-12-09,BER,21487
Play,2021-10-18,2021-11-07,2021-12-10,BER,24722
Play,2021-10-18,2021-11-08,2021-11-11,BER,21482
Play,2021-10-18,2021-11-08,2021-11-12,BER,21482
Play,2021-10-18,2021-11-08,2021-11-14,BER,24722
Play,2021-10-18,2021-11-08,2021-11-15,BER,28106
Play,2021-10-18,2021-11-08,2021-11-18,BER,21482
Play,2021-10-18,2021-11-08,2021-11-19,BER,24722
Play,2021-10-18,2021-11-08,2021-11-21,BER,24722
Play,2021-10-18,2021-11-08,2021-11-22,BER,31766
Play,2021-10-18,2021-11-08,2021-11-25,BER,21482
Play,2021-10-18,2021-11-08,2021-11-26,BER,21482
Play,2021-10-18,2021-11-08,2021-11-28,BER,26507
Play,2021-10-18,2021-11-08,2021-11-29,BER,31766
Play,2021-10-18,2021-11-08,2021-12-02,BER,28106
Play,2021-10-18,2021-11-08,2021-12-03,BER,24722
Play,2021-10-18,2021-11-08,2021-12-05,BER,26507
Play,2021-10-18,2021-11-08,2021-12-06,BER,35546
Play,2021-10-18,2021-11-08,2021-12-09,BER,21487
Play,2021-10-18,2021-11-08,2021-12-10,BER,24722
Play,2021-10-18,2021-11-11,2021-11-12,BER,24866
Play,2021-10-18,2021-11-11,2021-11-14,BER,28106
Play,2021-10-18,2021-11-11,2021-11-15,BER,31490
Play,2021-10-18,2021-11-11,2021-11-18,BER,24866
Play,2021-10-18,2021-11-11,2021-11-19,BER,28106
Play,2021-10-18,2021-11-11,2021-11-21,BER,28106
Play,2021-10-18,2021-11-11,2021-11-22,BER,35150
Play,2021-10-18,2021-11-11,2021-11-25,BER,24866
Play,2021-10-18,2021-11-11,2021-11-26,BER,24866
Play,2021-10-18,2021-11-11,2021-11-28,BER,29891
Play,2021-10-18,2021-11-11,2021-11-29,BER,35150
Play,2021-10-18,2021-11-11,2021-12-02,BER,31490
Play,2021-10-18,2021-11-11,2021-12-03,BER,28106
Play,2021-10-18,2021-11-11,2021-12-05,BER,29891
Play,2021-10-18,2021-11-11,2021-12-06,BER,38930
Play,2021-10-18,2021-11-11,2021-12-09,BER,24871
Play,2021-10-18,2021-11-11,2021-12-10,BER,28106
Play,2021-10-18,2021-11-12,2021-11-14,BER,26507
Play,2021-10-18,2021-11-12,2021-11-15,BER,29891
Play,2021-10-18,2021-11-12,2021-11-18,BER,23267
Play,2021-10-18,2021-11-12,2021-11-19,BER,26507
Play,2021-10-18,2021-11-12,2021-11-21,BER,26507
Play,2021-10-18,2021-11-12,2021-11-22,BER,33551
Play,2021-10-18,2021-11-12,2021-11-25,BER,23267
Play,2021-10-18,2021-11-12,2021-11-26,BER,23267
Play,2021-10-18,2021-11-12,2021-11-28,BER,28292
Play,2021-10-18,2021-11-12,2021-11-29,BER,33551
Play,2021-10-18,2021-11-12,2021-12-02,BER,29891
Play,2021-10-18,2021-11-12,2021-12-03,BER,26507
Play,2021-10-18,2021-11-12,2021-12-05,BER,28292
Play,2021-10-18,2021-11-12,2021-12-06,BER,37331
Play,2021-10-18,2021-11-12,2021-12-09,BER,23272
Play,2021-10-18,2021-11-12,2021-12-10,BER,26507
Play,2021-10-18,2021-11-14,2021-11-15,BER,29891
Play,2021-10-18,2021-11-14,2021-11-18,BER,23267
Play,2021-10-18,2021-11-14,2021-11-19,BER,26507
Play,2021-10-18,2021-11-14,2021-11-21,BER,26507
Play,2021-10-18,2021-11-14,2021-11-22,BER,33551
Play,2021-10-18,2021-11-14,2021-11-25,BER,23267
Play,2021-10-18,2021-11-14,2021-11-26,BER,23267
Play,2021-10-18,2021-11-14,2021-11-28,BER,28292
Play,2021-10-18,2021-11-14,2021-11-29,BER,33551
Play,2021-10-18,2021-11-14,2021-12-02,BER,29891
Play,2021-10-18,2021-11-14,2021-12-03,BER,26507
Play,2021-10-18,2021-11-14,2021-12-05,BER,28292
Play,2021-10-18,2021-11-14,2021-12-06,BER,37331
Play,2021-10-18,2021-11-14,2021-12-09,BER,23272
Play,2021-10-18,2021-11-14,2021-12-10,BER,26507
Play,2021-10-18,2021-11-15,2021-11-18,BER,21482
Play,2021-10-18,2021-11-15,2021-11-19,BER,24722
Play,2021-10-18,2021-11-15,2021-11-21,BER,24722
Play,2021-10-18,2021-11-15,2021-11-22,BER,31766
Play,2021-10-18,2021-11-15,2021-11-25,BER,21482
Play,2021-10-18,2021-11-15,2021-11-26,BER,21482
Play,2021-10-18,2021-11-15,2021-11-28,BER,26507
Play,2021-10-18,2021-11-15,2021-11-29,BER,31766
Play,2021-10-18,2021-11-15,2021-12-02,BER,28106
Play,2021-10-18,2021-11-15,2021-12-03,BER,24722
Play,2021-10-18,2021-11-15,2021-12-05,BER,26507
Play,2021-10-18,2021-11-15,2021-12-06,BER,35546
Play,2021-10-18,2021-11-15,2021-12-09,BER,21487
Play,2021-10-18,2021-11-15,2021-12-10,BER,24722
Play,2021-10-18,2021-11-18,2021-11-19,BER,30128
Play,2021-10-18,2021-11-18,2021-11-21,BER,30128
Play,2021-10-18,2021-11-18,2021-11-22,BER,37172
Play,2021-10-18,2021-11-18,2021-11-25,BER,26888
Play,2021-10-18,2021-11-18,2021-11-26,BER,26888
Play,2021-10-18,2021-11-18,2021-11-28,BER,31913
Play,2021-10-18,2021-11-18,2021-11-29,BER,37172
Play,2021-10-18,2021-11-18,2021-12-02,BER,33512
Play,2021-10-18,2021-11-18,2021-12-03,BER,30128
Play,2021-10-18,2021-11-18,2021-12-05,BER,31913
Play,2021-10-18,2021-11-18,2021-12-06,BER,40952
Play,2021-10-18,2021-11-18,2021-12-09,BER,26893
Play,2021-10-18,2021-11-18,2021-12-10,BER,30128
Play,2021-10-18,2021-11-19,2021-11-21,BER,24722
Play,2021-10-18,2021-11-19,2021-11-22,BER,31766
Play,2021-10-18,2021-11-19,2021-11-25,BER,21482
Play,2021-10-18,2021-11-19,2021-11-26,BER,21482
Play,2021-10-18,2021-11-19,2021-11-28,BER,26507
Play,2021-10-18,2021-11-19,2021-11-29,BER,31766
Play,2021-10-18,2021-11-19,2021-12-02,BER,28106
Play,2021-10-18,2021-11-19,2021-12-03,BER,24722
Play,2021-10-18,2021-11-19,2021-12-05,BER,26507
Play,2021-10-18,2021-11-19,2021-12-06,BER,35546
Play,2021-10-18,2021-11-19,2021-12-09,BER,21487
Play,2021-10-18,2021-11-19,2021-12-10,BER,24722
Play,2021-10-18,2021-11-21,2021-11-22,BER,28526
Play,2021-10-18,2021-11-21,2021-11-25,BER,18242
Play,2021-10-18,2021-11-21,2021-11-26,BER,18242
Play,2021-10-18,2021-11-21,2021-11-28,BER,23267
Play,2021-10-18,2021-11-21,2021-11-29,BER,28526
Play,2021-10-18,2021-11-21,2021-12-02,BER,24866
Play,2021-10-18,2021-11-21,2021-12-03,BER,21482
Play,2021-10-18,2021-11-21,2021-12-05,BER,23267
Play,2021-10-18,2021-11-21,2021-12-06,BER,32306
Play,2021-10-18,2021-11-21,2021-12-09,BER,18247
Play,2021-10-18,2021-11-21,2021-12-10,BER,21482
Play,2021-10-18,2021-11-22,2021-11-25,BER,21482
Play,2021-10-18,2021-11-22,2021-11-26,BER,21482
Play,2021-10-18,2021-11-22,2021-11-28,BER,26507
Play,2021-10-18,2021-11-22,2021-11-29,BER,31766
Play,2021-10-18,2021-11-22,2021-12-02,BER,28106
Play,2021-10-18,2021-11-22,2021-12-03,BER,24722
Play,2021-10-18,2021-11-22,2021-12-05,BER,26507
Play,2021-10-18,2021-11-22,2021-12-06,BER,35546
Play,2021-10-18,2021-11-22,2021-12-09,BER,21487
Play,2021-10-18,2021-11-22,2021-12-10,BER,24722
Play,2021-10-18,2021-11-25,2021-11-26,BER,28526
Play,2021-10-18,2021-11-25,2021-11-28,BER,33551
Play,2021-10-18,2021-11-25,2021-11-29,BER,38810
Play,2021-10-18,2021-11-25,2021-12-02,BER,35150
Play,2021-10-18,2021-11-25,2021-12-03,BER,31766
Play,2021-10-18,2021-11-25,2021-12-05,BER,33551
Play,2021-10-18,2021-11-25,2021-12-06,BER,42590
Play,2021-10-18,2021-11-25,2021-12-09,BER,28531
Play,2021-10-18,2021-11-25,2021-12-10,BER,31766
Play,2021-10-18,2021-11-26,2021-11-28,BER,28292
Play,2021-10-18,2021-11-26,2021-11-29,BER,33551
Play,2021-10-18,2021-11-26,2021-12-02,BER,29891
Play,2021-10-18,2021-11-26,2021-12-03,BER,26507
Play,2021-10-18,2021-11-26,2021-12-05,BER,28292
Play,2021-10-18,2021-11-26,2021-12-06,BER,37331
Play,2021-10-18,2021-11-26,2021-12-09,BER,23272
Play,2021-10-18,2021-11-26,2021-12-10,BER,26507
Play,2021-10-18,2021-11-28,2021-11-29,BER,31766
Play,2021-10-18,2021-11-28,2021-12-02,BER,28106
Play,2021-10-18,2021-11-28,2021-12-03,BER,24722
Play,2021-10-18,2021-11-28,2021-12-05,BER,26507
Play,2021-10-18,2021-11-28,2021-12-06,BER,35546
Play,2021-10-18,2021-11-28,2021-12-09,BER,21487
Play,2021-10-18,2021-11-28,2021-12-10,BER,24722
Play,2021-10-18,2021-11-29,2021-12-02,BER,26666
Play,2021-10-18,2021-11-29,2021-12-03,BER,23282
Play,2021-10-18,2021-11-29,2021-12-05,BER,25067
Play,2021-10-18,2021-11-29,2021-12-06,BER,34106
Play,2021-10-18,2021-11-29,2021-12-09,BER,20047
Play,2021-10-18,2021-11-29,2021-12-10,BER,23282
Play,2021-10-18,2021-12-02,2021-12-03,BER,31766
Play,2021-10-18,2021-12-02,2021-12-05,BER,33551
Play,2021-10-18,2021-12-02,2021-12-06,BER,42590
Play,2021-10-18,2021-12-02,2021-12-09,BER,28531
Play,2021-10-18,2021-12-02,2021-12-10,BER,31766
Play,2021-10-18,2021-12-03,2021-12-05,BER,28292
Play,2021-10-18,2021-12-03,2021-12-06,BER,37331
Play,2021-10-18,2021-12-03,2021-12-09,BER,23272
Play,2021-10-18,2021-12-03,2021-12-10,BER,26507
Play,2021-10-18,2021-12-05,2021-12-06,BER,32311
Play,2021-10-18,2021-12-05,2021-12-09,BER,18252
Play,2021-10-18,2021-12-05,2021-12-10,BER,21487
Play,2021-10-18,2021-12-06,2021-12-09,BER,21487
Play,2021-10-18,2021-12-06,2021-12-10,BER,24722
Play,2021-10-18,2021-12-09,2021-12-10,BER,30128
Play,2021-10-18,2021-12-03,2021-12-06,AMS,18253
Play,2021-10-18,2021-12-03,2021-12-10,AMS,18248
Play,2021-10-18,2021-12-06,2021-12-10,AMS,18248
Play,2021-10-18,2021-10-22,2021-10-25,BCN,92882
Play,2021-10-18,2021-10-22,2021-10-29,BCN,82082
Play,2021-10-18,2021-10-25,2021-10-29,BCN,53408
Play,2021-10-18,2021-10-21,2021-10-22,CPH,63875
Play,2021-10-18,2021-10-21,2021-10-24,CPH,66116
Play,2021-10-18,2021-10-21,2021-10-25,CPH,95741
Play,2021-10-18,2021-10-21,2021-10-28,CPH,63875
Play,2021-10-18,2021-10-21,2021-10-29,CPH,64995
Play,2021-10-18,2021-10-21,2021-10-31,CPH,66116
Play,2021-10-18,2021-10-21,2021-11-01,CPH,66116
Play,2021-10-18,2021-10-21,2021-11-04,CPH,61883
Play,2021-10-18,2021-10-21,2021-11-05,CPH,61883
Play,2021-10-18,2021-10-21,2021-11-07,CPH,75128
Play,2021-10-18,2021-10-21,2021-11-08,CPH,67361
Play,2021-10-18,2021-10-21,2021-11-11,CPH,63875
Play,2021-10-18,2021-10-21,2021-11-12,CPH,62879
Play,2021-10-18,2021-10-21,2021-11-14,CPH,63875
Play,2021-10-18,2021-10-21,2021-11-15,CPH,61883
Play,2021-10-18,2021-10-21,2021-11-18,CPH,61883
Play,2021-10-18,2021-10-21,2021-11-19,CPH,61136
Play,2021-10-18,2021-10-21,2021-11-21,CPH,67361
Play,2021-10-18,2021-10-21,2021-11-22,CPH,66116
Play,2021-10-18,2021-10-21,2021-11-25,CPH,61883
Play,2021-10-18,2021-10-21,2021-11-26,CPH,61136
Play,2021-10-18,2021-10-21,2021-11-28,CPH,66116
Play,2021-10-18,2021-10-21,2021-11-29,CPH,62879
Play,2021-10-18,2021-10-21,2021-12-02,CPH,60088
Play,2021-10-18,2021-10-21,2021-12-03,CPH,62879
Play,2021-10-18,2021-10-21,2021-12-05,CPH,64995
Play,2021-10-18,2021-10-21,2021-12-06,CPH,66116
Play,2021-10-18,2021-10-21,2021-12-09,CPH,60088
Play,2021-10-18,2021-10-21,2021-12-10,CPH,60088
Play,2021-10-18,2021-10-22,2021-10-24,CPH,57016
Play,2021-10-18,2021-10-22,2021-10-25,CPH,86641
Play,2021-10-18,2021-10-22,2021-10-28,CPH,54775
Play,2021-10-18,2021-10-22,2021-10-29,CPH,55895
Play,2021-10-18,2021-10-22,2021-10-31,CPH,57016
Play,2021-10-18,2021-10-22,2021-11-01,CPH,57016
Play,2021-10-18,2021-10-22,2021-11-04,CPH,52783
Play,2021-10-18,2021-10-22,2021-11-05,CPH,52783
Play,2021-10-18,2021-10-22,2021-11-07,CPH,66028
Play,2021-10-18,2021-10-22,2021-11-08,CPH,58261
Play,2021-10-18,2021-10-22,2021-11-11,CPH,54775
Play,2021-10-18,2021-10-22,2021-11-12,CPH,53779
Play,2021-10-18,2021-10-22,2021-11-14,CPH,54775
Play,2021-10-18,2021-10-22,2021-11-15,CPH,52783
Play,2021-10-18,2021-10-22,2021-11-18,CPH,52783
Play,2021-10-18,2021-10-22,2021-11-19,CPH,52036
Play,2021-10-18,2021-10-22,2021-11-21,CPH,58261
Play,2021-10-18,2021-10-22,2021-11-22,CPH,57016
Play,2021-10-18,2021-10-22,2021-11-25,CPH,52783
Play,2021-10-18,2021-10-22,2021-11-26,CPH,52036
Play,2021-10-18,2021-10-22,2021-11-28,CPH,57016
Play,2021-10-18,2021-10-22,2021-11-29,CPH,53779
Play,2021-10-18,2021-10-22,2021-12-02,CPH,50988
Play,2021-10-18,2021-10-22,2021-12-03,CPH,53779
Play,2021-10-18,2021-10-22,2021-12-05,CPH,55895
Play,2021-10-18,2021-10-22,2021-12-06,CPH,57016
Play,2021-10-18,2021-10-22,2021-12-09,CPH,50988
Play,2021-10-18,2021-10-22,2021-12-10,CPH,50988
Play,2021-10-18,2021-10-24,2021-10-25,CPH,86641
Play,2021-10-18,2021-10-24,2021-10-28,CPH,54775
Play,2021-10-18,2021-10-24,2021-10-29,CPH,55895
Play,2021-10-18,2021-10-24,2021-10-31,CPH,57016
Play,2021-10-18,2021-10-24,2021-11-01,CPH,57016
Play,2021-10-18,2021-10-24,2021-11-04,CPH,52783
Play,2021-10-18,2021-10-24,2021-11-05,CPH,52783
Play,2021-10-18,2021-10-24,2021-11-07,CPH,66028
Play,2021-10-18,2021-10-24,2021-11-08,CPH,58261
Play,2021-10-18,2021-10-24,2021-11-11,CPH,54775
Play,2021-10-18,2021-10-24,2021-11-12,CPH,53779
Play,2021-10-18,2021-10-24,2021-11-14,CPH,54775
Play,2021-10-18,2021-10-24,2021-11-15,CPH,52783
Play,2021-10-18,2021-10-24,2021-11-18,CPH,52783
Play,2021-10-18,2021-10-24,2021-11-19,CPH,52036
Play,2021-10-18,2021-10-24,2021-11-21,CPH,58261
Play,2021-10-18,2021-10-24,2021-11-22,CPH,57016
Play,2021-10-18,2021-10-24,2021-11-25,CPH,52783
Play,2021-10-18,2021-10-24,2021-11-26,CPH,52036
Play,2021-10-18,2021-10-24,2021-11-28,CPH,57016
Play,2021-10-18,2021-10-24,2021-11-29,CPH,53779
Play,2021-10-18,2021-10-24,2021-12-02,CPH,50988
Play,2021-10-18,2021-10-24,2021-12-03,CPH,53779
Play,2021-10-18,2021-10-24,2021-12-05,CPH,55895
Play,2021-10-18,2021-10-24,2021-12-06,CPH,57016
Play,2021-10-18,2021-10-24,2021-12-09,CPH,50988
Play,2021-10-18,2021-10-24,2021-12-10,CPH,50988
Play,2021-10-18,2021-10-25,2021-10-28,CPH,34162
Play,2021-10-18,2021-10-25,2021-10-29,CPH,35282
Play,2021-10-18,2021-10-25,2021-10-31,CPH,36403
Play,2021-10-18,2021-10-25,2021-11-01,CPH,36403
Play,2021-10-18,2021-10-25,2021-11-04,CPH,32170
Play,2021-10-18,2021-10-25,2021-11-05,CPH,32170
Play,2021-10-18,2021-10-25,2021-11-07,CPH,45415
Play,2021-10-18,2021-10-25,2021-11-08,CPH,37648
Play,2021-10-18,2021-10-25,2021-11-11,CPH,34162
Play,2021-10-18,2021-10-25,2021-11-12,CPH,33166
Play,2021-10-18,2021-10-25,2021-11-14,CPH,34162
Play,2021-10-18,2021-10-25,2021-11-15,CPH,32170
Play,2021-10-18,2021-10-25,2021-11-18,CPH,32170
Play,2021-10-18,2021-10-25,2021-11-19,CPH,31423
Play,2021-10-18,2021-10-25,2021-11-21,CPH,37648
Play,2021-10-18,2021-10-25,2021-11-22,CPH,36403
Play,2021-10-18,2021-10-25,2021-11-25,CPH,32170
Play,2021-10-18,2021-10-25,2021-11-26,CPH,31423
Play,2021-10-18,2021-10-25,2021-11-28,CPH,36403
Play,2021-10-18,2021-10-25,2021-11-29,CPH,33166
Play,2021-10-18,2021-10-25,2021-12-02,CPH,30375
Play,2021-10-18,2021-10-25,2021-12-03,CPH,33166
Play,2021-10-18,2021-10-25,2021-12-05,CPH,35282
Play,2021-10-18,2021-10-25,2021-12-06,CPH,36403
Play,2021-10-18,2021-10-25,2021-12-09,CPH,30375
Play,2021-10-18,2021-10-25,2021-12-10,CPH,30375
Play,2021-10-18,2021-10-28,2021-10-29,CPH,26270
Play,2021-10-18,2021-10-28,2021-10-31,CPH,27391
Play,2021-10-18,2021-10-28,2021-11-01,CPH,27391
Play,2021-10-18,2021-10-28,2021-11-04,CPH,23158
Play,2021-10-18,2021-10-28,2021-11-05,CPH,23158
Play,2021-10-18,2021-10-28,2021-11-07,CPH,36403
Play,2021-10-18,2021-10-28,2021-11-08,CPH,28636
Play,2021-10-18,2021-10-28,2021-11-11,CPH,25150
Play,2021-10-18,2021-10-28,2021-11-12,CPH,24154
Play,2021-10-18,2021-10-28,2021-11-14,CPH,25150
Play,2021-10-18,2021-10-28,2021-11-15,CPH,23158
Play,2021-10-18,2021-10-28,2021-11-18,CPH,23158
Play,2021-10-18,2021-10-28,2021-11-19,CPH,22411
Play,2021-10-18,2021-10-28,2021-11-21,CPH,28636
Play,2021-10-18,2021-10-28,2021-11-22,CPH,27391
Play,2021-10-18,2021-10-28,2021-11-25,CPH,23158
Play,2021-10-18,2021-10-28,2021-11-26,CPH,22411
Play,2021-10-18,2021-10-28,2021-11-28,CPH,27391
Play,2021-10-18,2021-10-28,2021-11-29,CPH,24154
Play,2021-10-18,2021-10-28,2021-12-02,CPH,21363
Play,2021-10-18,2021-10-28,2021-12-03,CPH,24154
Play,2021-10-18,2021-10-28,2021-12-05,CPH,26270
Play,2021-10-18,2021-10-28,2021-12-06,CPH,27391
Play,2021-10-18,2021-10-28,2021-12-09,CPH,21363
Play,2021-10-18,2021-10-28,2021-12-10,CPH,21363
Play,2021-10-18,2021-10-29,2021-10-31,CPH,24154
Play,2021-10-18,2021-10-29,2021-11-01,CPH,24154
Play,2021-10-18,2021-10-29,2021-11-04,CPH,19921
Play,2021-10-18,2021-10-29,2021-11-05,CPH,19921
Play,2021-10-18,2021-10-29,2021-11-07,CPH,33166
Play,2021-10-18,2021-10-29,2021-11-08,CPH,25399
Play,2021-10-18,2021-10-29,2021-11-11,CPH,21913
Play,2021-10-18,2021-10-29,2021-11-12,CPH,20917
Play,2021-10-18,2021-10-29,2021-11-14,CPH,21913
Play,2021-10-18,2021-10-29,2021-11-15,CPH,19921
Play,2021-10-18,2021-10-29,2021-11-18,CPH,19921
Play,2021-10-18,2021-10-29,2021-11-19,CPH,19174
Play,2021-10-18,2021-10-29,2021-11-21,CPH,25399
Play,2021-10-18,2021-10-29,2021-11-22,CPH,24154
Play,2021-10-18,2021-10-29,2021-11-25,CPH,19921
Play,2021-10-18,2021-10-29,2021-11-26,CPH,19174
Play,2021-10-18,2021-10-29,2021-11-28,CPH,24154
Play,2021-10-18,2021-10-29,2021-11-29,CPH,20917
Play,2021-10-18,2021-10-29,2021-12-02,CPH,18126
Play,2021-10-18,2021-10-29,2021-12-03,CPH,20917
Play,2021-10-18,2021-10-29,2021-12-05,CPH,23033
Play,2021-10-18,2021-10-29,2021-12-06,CPH,24154
Play,2021-10-18,2021-10-29,2021-12-09,CPH,18126
Play,2021-10-18,2021-10-29,2021-12-10,CPH,18126
Play,2021-10-18,2021-10-31,2021-11-01,CPH,24154
Play,2021-10-18,2021-10-31,2021-11-04,CPH,19921
Play,2021-10-18,2021-10-31,2021-11-05,CPH,19921
Play,2021-10-18,2021-10-31,2021-11-07,CPH,33166
Play,2021-10-18,2021-10-31,2021-11-08,CPH,25399
Play,2021-10-18,2021-10-31,2021-11-11,CPH,21913
Play,2021-10-18,2021-10-31,2021-11-12,CPH,20917
Play,2021-10-18,2021-10-31,2021-11-14,CPH,21913
Play,2021-10-18,2021-10-31,2021-11-15,CPH,19921
Play,2021-10-18,2021-10-31,2021-11-18,CPH,19921
Play,2021-10-18,2021-10-31,2021-11-19,CPH,19174
Play,2021-10-18,2021-10-31,2021-11-21,CPH,25399
Play,2021-10-18,2021-10-31,2021-11-22,CPH,24154
Play,2021-10-18,2021-10-31,2021-11-25,CPH,19921
Play,2021-10-18,2021-10-31,2021-11-26,CPH,19174
Play,2021-10-18,2021-10-31,2021-11-28,CPH,24154
Play,2021-10-18,2021-10-31,2021-11-29,CPH,20917
Play,2021-10-18,2021-10-31,2021-12-02,CPH,18126
Play,2021-10-18,2021-10-31,2021-12-03,CPH,20917
Play,2021-10-18,2021-10-31,2021-12-05,CPH,23033
Play,2021-10-18,2021-10-31,2021-12-06,CPH,24154
Play,2021-10-18,2021-10-31,2021-12-09,CPH,18126
Play,2021-10-18,2021-10-31,2021-12-10,CPH,18126
Play,2021-10-18,2021-11-01,2021-11-04,CPH,20917
Play,2021-10-18,2021-11-01,2021-11-05,CPH,20917
Play,2021-10-18,2021-11-01,2021-11-07,CPH,34162
Play,2021-10-18,2021-11-01,2021-11-08,CPH,26395
Play,2021-10-18,2021-11-01,2021-11-11,CPH,22909
Play,2021-10-18,2021-11-01,2021-11-12,CPH,21913
Play,2021-10-18,2021-11-01,2021-11-14,CPH,22909
Play,2021-10-18,2021-11-01,2021-11-15,CPH,20917
Play,2021-10-18,2021-11-01,2021-11-18,CPH,20917
Play,2021-10-18,2021-11-01,2021-11-19,CPH,20170
Play,2021-10-18,2021-11-01,2021-11-21,CPH,26395
Play,2021-10-18,2021-11-01,2021-11-22,CPH,25150
Play,2021-10-18,2021-11-01,2021-11-25,CPH,20917
Play,2021-10-18,2021-11-01,2021-11-26,CPH,20170
Play,2021-10-18,2021-11-01,2021-11-28,CPH,25150
Play,2021-10-18,2021-11-01,2021-11-29,CPH,21913
Play,2021-10-18,2021-11-01,2021-12-02,CPH,19122
Play,2021-10-18,2021-11-01,2021-12-03,CPH,21913
Play,2021-10-18,2021-11-01,2021-12-05,CPH,24029
Play,2021-10-18,2021-11-01,2021-12-06,CPH,25150
Play,2021-10-18,2021-11-01,2021-12-09,CPH,19122
Play,2021-10-18,2021-11-01,2021-12-10,CPH,19122
Play,2021-10-18,2021-11-04,2021-11-05,CPH,24403
Play,2021-10-18,2021-11-04,2021-11-07,CPH,37648
Play,2021-10-18,2021-11-04,2021-11-08,CPH,29881
Play,2021-10-18,2021-11-04,2021-11-11,CPH,26395
Play,2021-10-18,2021-11-04,2021-11-12,CPH,25399
Play,2021-10-18,2021-11-04,2021-11-14,CPH,26395
Play,2021-10-18,2021-11-04,2021-11-15,CPH,24403
Play,2021-10-18,2021-11-04,2021-11-18,CPH,24403
Play,2021-10-18,2021-11-04,2021-11-19,CPH,23656
Play,2021-10-18,2021-11-04,2021-11-21,CPH,29881
Play,2021-10-18,2021-11-04,2021-11-22,CPH,28636
Play,2021-10-18,2021-11-04,2021-11-25,CPH,24403
Play,2021-10-18,2021-11-04,2021-11-26,CPH,23656
Play,2021-10-18,2021-11-04,2021-11-28,CPH,28636
Play,2021-10-18,2021-11-04,2021-11-29,CPH,25399
Play,2021-10-18,2021-11-04,2021-12-02,CPH,22608
Play,2021-10-18,2021-11-04,2021-12-03,CPH,25399
Play,2021-10-18,2021-11-04,2021-12-05,CPH,27515
Play,2021-10-18,2021-11-04,2021-12-06,CPH,28636
Play,2021-10-18,2021-11-04,2021-12-09,CPH,22608
Play,2021-10-18,2021-11-04,2021-12-10,CPH,22608
Play,2021-10-18,2021-11-05,2021-11-07,CPH,39142
Play,2021-10-18,2021-11-05,2021-11-08,CPH,31375
Play,2021-10-18,2021-11-05,2021-11-11,CPH,27889
Play,2021-10-18,2021-11-05,2021-11-12,CPH,26893
Play,2021-10-18,2021-11-05,2021-11-14,CPH,27889
Play,2021-10-18,2021-11-05,2021-11-15,CPH,25897
Play,2021-10-18,2021-11-05,2021-11-18,CPH,25897
Play,2021-10-18,2021-11-05,2021-11-19,CPH,25150
Play,2021-10-18,2021-11-05,2021-11-21,CPH,31375
Play,2021-10-18,2021-11-05,2021-11-22,CPH,30130
Play,2021-10-18,2021-11-05,2021-11-25,CPH,25897
Play,2021-10-18,2021-11-05,2021-11-26,CPH,25150
Play,2021-10-18,2021-11-05,2021-11-28,CPH,30130
Play,2021-10-18,2021-11-05,2021-11-29,CPH,26893
Play,2021-10-18,2021-11-05,2021-12-02,CPH,24102
Play,2021-10-18,2021-11-05,2021-12-03,CPH,26893
Play,2021-10-18,2021-11-05,2021-12-05,CPH,29009
Play,2021-10-18,2021-11-05,2021-12-06,CPH,30130
Play,2021-10-18,2021-11-05,2021-12-09,CPH,24102
Play,2021-10-18,2021-11-05,2021-12-10,CPH,24102
Play,2021-10-18,2021-11-07,2021-11-08,CPH,31375
Play,2021-10-18,2021-11-07,2021-11-11,CPH,27889
Play,2021-10-18,2021-11-07,2021-11-12,CPH,26893
Play,2021-10-18,2021-11-07,2021-11-14,CPH,27889
Play,2021-10-18,2021-11-07,2021-11-15,CPH,25897
Play,2021-10-18,2021-11-07,2021-11-18,CPH,25897
Play,2021-10-18,2021-11-07,2021-11-19,CPH,25150
Play,2021-10-18,2021-11-07,2021-11-21,CPH,31375
Play,2021-10-18,2021-11-07,2021-11-22,CPH,30130
Play,2021-10-18,2021-11-07,2021-11-25,CPH,25897
Play,2021-10-18,2021-11-07,2021-11-26,CPH,25150
Play,2021-10-18,2021-11-07,2021-11-28,CPH,30130
Play,2021-10-18,2021-11-07,2021-11-29,CPH,26893
Play,2021-10-18,2021-11-07,2021-12-02,CPH,24102
Play,2021-10-18,2021-11-07,2021-12-03,CPH,26893
Play,2021-10-18,2021-11-07,2021-12-05,CPH,29009
Play,2021-10-18,2021-11-07,2021-12-06,CPH,30130
Play,2021-10-18,2021-11-07,2021-12-09,CPH,24102
Play,2021-10-18,2021-11-07,2021-12-10,CPH,24102
Play,2021-10-18,2021-11-08,2021-11-11,CPH,24030
Play,2021-10-18,2021-11-08,2021-11-12,CPH,23034
Play,2021-10-18,2021-11-08,2021-11-14,CPH,24030
Play,2021-10-18,2021-11-08,2021-11-15,CPH,22038
Play,2021-10-18,2021-11-08,2021-11-18,CPH,22038
Play,2021-10-18,2021-11-08,2021-11-19,CPH,21291
Play,2021-10-18,2021-11-08,2021-11-21,CPH,27516
Play,2021-10-18,2021-11-08,2021-11-22,CPH,26271
Play,2021-10-18,2021-11-08,2021-11-25,CPH,22038
Play,2021-10-18,2021-11-08,2021-11-26,CPH,21291
Play,2021-10-18,2021-11-08,2021-11-28,CPH,26271
Play,2021-10-18,2021-11-08,2021-11-29,CPH,23034
Play,2021-10-18,2021-11-08,2021-12-02,CPH,20243
Play,2021-10-18,2021-11-08,2021-12-03,CPH,23034
Play,2021-10-18,2021-11-08,2021-12-05,CPH,25150
Play,2021-10-18,2021-11-08,2021-12-06,CPH,26271
Play,2021-10-18,2021-11-08,2021-12-09,CPH,20243
Play,2021-10-18,2021-11-08,2021-12-10,CPH,20243
Play,2021-10-18,2021-11-11,2021-11-12,CPH,25399
Play,2021-10-18,2021-11-11,2021-11-14,CPH,26395
Play,2021-10-18,2021-11-11,2021-11-15,CPH,24403
Play,2021-10-18,2021-11-11,2021-11-18,CPH,24403
Play,2021-10-18,2021-11-11,2021-11-19,CPH,23656
Play,2021-10-18,2021-11-11,2021-11-21,CPH,29881
Play,2021-10-18,2021-11-11,2021-11-22,CPH,28636
Play,2021-10-18,2021-11-11,2021-11-25,CPH,24403
Play,2021-10-18,2021-11-11,2021-11-26,CPH,23656
Play,2021-10-18,2021-11-11,2021-11-28,CPH,28636
Play,2021-10-18,2021-11-11,2021-11-29,CPH,25399
Play,2021-10-18,2021-11-11,2021-12-02,CPH,22608
Play,2021-10-18,2021-11-11,2021-12-03,CPH,25399
Play,2021-10-18,2021-11-11,2021-12-05,CPH,27515
Play,2021-10-18,2021-11-11,2021-12-06,CPH,28636
Play,2021-10-18,2021-11-11,2021-12-09,CPH,22608
Play,2021-10-18,2021-11-11,2021-12-10,CPH,22608
Play,2021-10-18,2021-11-12,2021-11-14,CPH,20917
Play,2021-10-18,2021-11-12,2021-11-15,CPH,18925
Play,2021-10-18,2021-11-12,2021-11-18,CPH,18925
Play,2021-10-18,2021-11-12,2021-11-19,CPH,18178
Play,2021-10-18,2021-11-12,2021-11-21,CPH,24403
Play,2021-10-18,2021-11-12,2021-11-22,CPH,23158
Play,2021-10-18,2021-11-12,2021-11-25,CPH,18925
Play,2021-10-18,2021-11-12,2021-11-26,CPH,18178
Play,2021-10-18,2021-11-12,2021-11-28,CPH,23158
Play,2021-10-18,2021-11-12,2021-11-29,CPH,19921
Play,2021-10-18,2021-11-12,2021-12-02,CPH,17130
Play,2021-10-18,2021-11-12,2021-12-03,CPH,19921
Play,2021-10-18,2021-11-12,2021-12-05,CPH,22037
Play,2021-10-18,2021-11-12,2021-12-06,CPH,23158
Play,2021-10-18,2021-11-12,2021-12-09,CPH,17130
Play,2021-10-18,2021-11-12,2021-12-10,CPH,17130
Play,2021-10-18,2021-11-14,2021-11-15,CPH,22038
Play,2021-10-18,2021-11-14,2021-11-18,CPH,22038
Play,2021-10-18,2021-11-14,2021-11-19,CPH,21291
Play,2021-10-18,2021-11-14,2021-11-21,CPH,27516
Play,2021-10-18,2021-11-14,2021-11-22,CPH,26271
Play,2021-10-18,2021-11-14,2021-11-25,CPH,22038
Play,2021-10-18,2021-11-14,2021-11-26,CPH,21291
Play,2021-10-18,2021-11-14,2021-11-28,CPH,26271
Play,2021-10-18,2021-11-14,2021-11-29,CPH,23034
Play,2021-10-18,2021-11-14,2021-12-02,CPH,20243
Play,2021-10-18,2021-11-14,2021-12-03,CPH,23034
Play,2021-10-18,2021-11-14,2021-12-05,CPH,25150
Play,2021-10-18,2021-11-14,2021-12-06,CPH,26271
Play,2021-10-18,2021-11-14,2021-12-09,CPH,20243
Play,2021-10-18,2021-11-14,2021-12-10,CPH,20243
Play,2021-10-18,2021-11-15,2021-11-18,CPH,19921
Play,2021-10-18,2021-11-15,2021-11-19,CPH,19174
Play,2021-10-18,2021-11-15,2021-11-21,CPH,25399
Play,2021-10-18,2021-11-15,2021-11-22,CPH,24154
Play,2021-10-18,2021-11-15,2021-11-25,CPH,19921
Play,2021-10-18,2021-11-15,2021-11-26,CPH,19174
Play,2021-10-18,2021-11-15,2021-11-28,CPH,24154
Play,2021-10-18,2021-11-15,2021-11-29,CPH,20917
Play,2021-10-18,2021-11-15,2021-12-02,CPH,18126
Play,2021-10-18,2021-11-15,2021-12-03,CPH,20917
Play,2021-10-18,2021-11-15,2021-12-05,CPH,23033
Play,2021-10-18,2021-11-15,2021-12-06,CPH,24154
Play,2021-10-18,2021-11-15,2021-12-09,CPH,18126
Play,2021-10-18,2021-11-15,2021-12-10,CPH,18126
Play,2021-10-18,2021-11-18,2021-11-19,CPH,23656
Play,2021-10-18,2021-11-18,2021-11-21,CPH,29881
Play,2021-10-18,2021-11-18,2021-11-22,CPH,28636
Play,2021-10-18,2021-11-18,2021-11-25,CPH,24403
Play,2021-10-18,2021-11-18,2021-11-26,CPH,23656
Play,2021-10-18,2021-11-18,2021-11-28,CPH,28636
Play,2021-10-18,2021-11-18,2021-11-29,CPH,25399
Play,2021-10-18,2021-11-18,2021-12-02,CPH,22608
Play,2021-10-18,2021-11-18,2021-12-03,CPH,25399
Play,2021-10-18,2021-11-18,2021-12-05,CPH,27515
Play,2021-10-18,2021-11-18,2021-12-06,CPH,28636
Play,2021-10-18,2021-11-18,2021-12-09,CPH,22608
Play,2021-10-18,2021-11-18,2021-12-10,CPH,22608
Play,2021-10-18,2021-11-19,2021-11-21,CPH,25399
Play,2021-10-18,2021-11-19,2021-11-22,CPH,24154
Play,2021-10-18,2021-11-19,2021-11-25,CPH,19921
Play,2021-10-18,2021-11-19,2021-11-26,CPH,19174
Play,2021-10-18,2021-11-19,2021-11-28,CPH,24154
Play,2021-10-18,2021-11-19,2021-11-29,CPH,20917
Play,2021-10-18,2021-11-19,2021-12-02,CPH,18126
Play,2021-10-18,2021-11-19,2021-12-03,CPH,20917
Play,2021-10-18,2021-11-19,2021-12-05,CPH,23033
Play,2021-10-18,2021-11-19,2021-12-06,CPH,24154
Play,2021-10-18,2021-11-19,2021-12-09,CPH,18126
Play,2021-10-18,2021-11-19,2021-12-10,CPH,18126
Play,2021-10-18,2021-11-21,2021-11-22,CPH,23158
Play,2021-10-18,2021-11-21,2021-11-25,CPH,18925
Play,2021-10-18,2021-11-21,2021-11-26,CPH,18178
Play,2021-10-18,2021-11-21,2021-11-28,CPH,23158
Play,2021-10-18,2021-11-21,2021-11-29,CPH,19921
Play,2021-10-18,2021-11-21,2021-12-02,CPH,17130
Play,2021-10-18,2021-11-21,2021-12-03,CPH,19921
Play,2021-10-18,2021-11-21,2021-12-05,CPH,22037
Play,2021-10-18,2021-11-21,2021-12-06,CPH,23158
Play,2021-10-18,2021-11-21,2021-12-09,CPH,17130
Play,2021-10-18,2021-11-21,2021-12-10,CPH,17130
Play,2021-10-18,2021-11-22,2021-11-25,CPH,18925
Play,2021-10-18,2021-11-22,2021-11-26,CPH,18178
Play,2021-10-18,2021-11-22,2021-11-28,CPH,23158
Play,2021-10-18,2021-11-22,2021-11-29,CPH,19921
Play,2021-10-18,2021-11-22,2021-12-02,CPH,17130
Play,2021-10-18,2021-11-22,2021-12-03,CPH,19921
Play,2021-10-18,2021-11-22,2021-12-05,CPH,22037
Play,2021-10-18,2021-11-22,2021-12-06,CPH,23158
Play,2021-10-18,2021-11-22,2021-12-09,CPH,17130
Play,2021-10-18,2021-11-22,2021-12-10,CPH,17130
Play,2021-10-18,2021-11-25,2021-11-26,CPH,25150
Play,2021-10-18,2021-11-25,2021-11-28,CPH,30130
Play,2021-10-18,2021-11-25,2021-11-29,CPH,26893
Play,2021-10-18,2021-11-25,2021-12-02,CPH,24102
Play,2021-10-18,2021-11-25,2021-12-03,CPH,26893
Play,2021-10-18,2021-11-25,2021-12-05,CPH,29009
Play,2021-10-18,2021-11-25,2021-12-06,CPH,30130
Play,2021-10-18,2021-11-25,2021-12-09,CPH,24102
Play,2021-10-18,2021-11-25,2021-12-10,CPH,24102
Play,2021-10-18,2021-11-26,2021-11-28,CPH,25150
Play,2021-10-18,2021-11-26,2021-11-29,CPH,21913
Play,2021-10-18,2021-11-26,2021-12-02,CPH,19122
Play,2021-10-18,2021-11-26,2021-12-03,CPH,21913
Play,2021-10-18,2021-11-26,2021-12-05,CPH,24029
Play,2021-10-18,2021-11-26,2021-12-06,CPH,25150
Play,2021-10-18,2021-11-26,2021-12-09,CPH,19122
Play,2021-10-18,2021-11-26,2021-12-10,CPH,19122
Play,2021-10-18,2021-11-28,2021-11-29,CPH,19921
Play,2021-10-18,2021-11-28,2021-12-02,CPH,17130
Play,2021-10-18,2021-11-28,2021-12-03,CPH,19921
Play,2021-10-18,2021-11-28,2021-12-05,CPH,22037
Play,2021-10-18,2021-11-28,2021-12-06,CPH,23158
Play,2021-10-18,2021-11-28,2021-12-09,CPH,17130
Play,2021-10-18,2021-11-28,2021-12-10,CPH,17130
Play,2021-10-18,2021-11-29,2021-12-02,CPH,18126
Play,2021-10-18,2021-11-29,2021-12-03,CPH,20917
Play,2021-10-18,2021-11-29,2021-12-05,CPH,23033
Play,2021-10-18,2021-11-29,2021-12-06,CPH,24154
Play,2021-10-18,2021-11-29,2021-12-09,CPH,18126
Play,2021-10-18,2021-11-29,2021-12-10,CPH,18126
Play,2021-10-18,2021-12-02,2021-12-03,CPH,25399
Play,2021-10-18,2021-12-02,2021-12-05,CPH,27515
Play,2021-10-18,2021-12-02,2021-12-06,CPH,28636
Play,2021-10-18,2021-12-02,2021-12-09,CPH,22608
Play,2021-10-18,2021-12-02,2021-12-10,CPH,22608
Play,2021-10-18,2021-12-03,2021-12-05,CPH,23033
Play,2021-10-18,2021-12-03,2021-12-06,CPH,24154
Play,2021-10-18,2021-12-03,2021-12-09,CPH,18126
Play,2021-10-18,2021-12-03,2021-12-10,CPH,18126
Play,2021-10-18,2021-12-05,2021-12-06,CPH,21363
Play,2021-10-18,2021-12-05,2021-12-09,CPH,15335
Play,2021-10-18,2021-12-05,2021-12-10,CPH,15335
Play,2021-10-18,2021-12-06,2021-12-09,CPH,15335
Play,2021-10-18,2021-12-06,2021-12-10,CPH,15335
Play,2021-10-18,2021-12-09,2021-12-10,CPH,21363
Play,2021-10-18,2021-10-21,2021-10-22,STN,29296
Play,2021-10-18,2021-10-21,2021-10-24,STN,45496
Play,2021-10-18,2021-10-21,2021-10-25,STN,55928
Play,2021-10-18,2021-10-21,2021-10-28,STN,23221
Play,2021-10-18,2021-10-21,2021-10-29,STN,20116
Play,2021-10-18,2021-10-21,2021-10-31,STN,18111
Play,2021-10-18,2021-10-21,2021-11-01,STN,19036
Play,2021-10-18,2021-10-21,2021-11-04,STN,20116
Play,2021-10-18,2021-10-21,2021-11-05,STN,25246
Play,2021-10-18,2021-10-21,2021-11-07,STN,20116
Play,2021-10-18,2021-10-21,2021-11-08,STN,25246
Play,2021-10-18,2021-10-21,2021-11-11,STN,20116
Play,2021-10-18,2021-10-21,2021-11-12,STN,20116
Play,2021-10-18,2021-10-21,2021-11-14,STN,18111
Play,2021-10-18,2021-10-21,2021-11-15,STN,19036
Play,2021-10-18,2021-10-21,2021-11-18,STN,20116
Play,2021-10-18,2021-10-21,2021-11-19,STN,20116
Play,2021-10-18,2021-10-21,2021-11-21,STN,20116
Play,2021-10-18,2021-10-21,2021-11-22,STN,20116
Play,2021-10-18,2021-10-21,2021-11-25,STN,19036
Play,2021-10-18,2021-10-21,2021-11-26,STN,20116
Play,2021-10-18,2021-10-21,2021-11-28,STN,18111
Play,2021-10-18,2021-10-21,2021-11-29,STN,19036
Play,2021-10-18,2021-10-21,2021-12-02,STN,20116
Play,2021-10-18,2021-10-21,2021-12-03,STN,20116
Play,2021-10-18,2021-10-21,2021-12-05,STN,21196
Play,2021-10-18,2021-10-21,2021-12-06,STN,18111
Play,2021-10-18,2021-10-21,2021-12-09,STN,18111
Play,2021-10-18,2021-10-21,2021-12-10,STN,18111
Play,2021-10-18,2021-10-22,2021-10-24,STN,41311
Play,2021-10-18,2021-10-22,2021-10-25,STN,51743
Play,2021-10-18,2021-10-22,2021-10-28,STN,19036
Play,2021-10-18,2021-10-22,2021-10-29,STN,15931
Play,2021-10-18,2021-10-22,2021-10-31,STN,13926
Play,2021-10-18,2021-10-22,2021-11-01,STN,14851
Play,2021-10-18,2021-10-22,2021-11-04,STN,15931
Play,2021-10-18,2021-10-22,2021-11-05,STN,21061
Play,2021-10-18,2021-10-22,2021-11-07,STN,15931
Play,2021-10-18,2021-10-22,2021-11-08,STN,21061
Play,2021-10-18,2021-10-22,2021-11-11,STN,15931
Play,2021-10-18,2021-10-22,2021-11-12,STN,15931
Play,2021-10-18,2021-10-22,2021-11-14,STN,13926
Play,2021-10-18,2021-10-22,2021-11-15,STN,14851
Play,2021-10-18,2021-10-22,2021-11-18,STN,15931
Play,2021-10-18,2021-10-22,2021-11-19,STN,15931
Play,2021-10-18,2021-10-22,2021-11-21,STN,15931
Play,2021-10-18,2021-10-22,2021-11-22,STN,15931
Play,2021-10-18,2021-10-22,2021-11-25,STN,14851
Play,2021-10-18,2021-10-22,2021-11-26,STN,15931
Play,2021-10-18,2021-10-22,2021-11-28,STN,13926
Play,2021-10-18,2021-10-22,2021-11-29,STN,14851
Play,2021-10-18,2021-10-22,2021-12-02,STN,15931
Play,2021-10-18,2021-10-22,2021-12-03,STN,15931
Play,2021-10-18,2021-10-22,2021-12-05,STN,17011
Play,2021-10-18,2021-10-22,2021-12-06,STN,13926
Play,2021-10-18,2021-10-22,2021-12-09,STN,13926
Play,2021-10-18,2021-10-22,2021-12-10,STN,13926
Play,2021-10-18,2021-10-24,2021-10-25,STN,50818
Play,2021-10-18,2021-10-24,2021-10-28,STN,18111
Play,2021-10-18,2021-10-24,2021-10-29,STN,15006
Play,2021-10-18,2021-10-24,2021-10-31,STN,13001
Play,2021-10-18,2021-10-24,2021-11-01,STN,13926
Play,2021-10-18,2021-10-24,2021-11-04,STN,15006
Play,2021-10-18,2021-10-24,2021-11-05,STN,20136
Play,2021-10-18,2021-10-24,2021-11-07,STN,15006
Play,2021-10-18,2021-10-24,2021-11-08,STN,20136
Play,2021-10-18,2021-10-24,2021-11-11,STN,15006
Play,2021-10-18,2021-10-24,2021-11-12,STN,15006
Play,2021-10-18,2021-10-24,2021-11-14,STN,13001
Play,2021-10-18,2021-10-24,2021-11-15,STN,13926
Play,2021-10-18,2021-10-24,2021-11-18,STN,15006
Play,2021-10-18,2021-10-24,2021-11-19,STN,15006
Play,2021-10-18,2021-10-24,2021-11-21,STN,15006
Play,2021-10-18,2021-10-24,2021-11-22,STN,15006
Play,2021-10-18,2021-10-24,2021-11-25,STN,13926
Play,2021-10-18,2021-10-24,2021-11-26,STN,15006
Play,2021-10-18,2021-10-24,2021-11-28,STN,13001
Play,2021-10-18,2021-10-24,2021-11-29,STN,13926
Play,2021-10-18,2021-10-24,2021-12-02,STN,15006
Play,2021-10-18,2021-10-24,2021-12-03,STN,15006
Play,2021-10-18,2021-10-24,2021-12-05,STN,16086
Play,2021-10-18,2021-10-24,2021-12-06,STN,13001
Play,2021-10-18,2021-10-24,2021-12-09,STN,13001
Play,2021-10-18,2021-10-24,2021-12-10,STN,13001
Play,2021-10-18,2021-10-25,2021-10-28,STN,21196
Play,2021-10-18,2021-10-25,2021-10-29,STN,18091
Play,2021-10-18,2021-10-25,2021-10-31,STN,16086
Play,2021-10-18,2021-10-25,2021-11-01,STN,17011
Play,2021-10-18,2021-10-25,2021-11-04,STN,18091
Play,2021-10-18,2021-10-25,2021-11-05,STN,23221
Play,2021-10-18,2021-10-25,2021-11-07,STN,18091
Play,2021-10-18,2021-10-25,2021-11-08,STN,23221
Play,2021-10-18,2021-10-25,2021-11-11,STN,18091
Play,2021-10-18,2021-10-25,2021-11-12,STN,18091
Play,2021-10-18,2021-10-25,2021-11-14,STN,16086
Play,2021-10-18,2021-10-25,2021-11-15,STN,17011
Play,2021-10-18,2021-10-25,2021-11-18,STN,18091
Play,2021-10-18,2021-10-25,2021-11-19,STN,18091
Play,2021-10-18,2021-10-25,2021-11-21,STN,18091
Play,2021-10-18,2021-10-25,2021-11-22,STN,18091
Play,2021-10-18,2021-10-25,2021-11-25,STN,17011
Play,2021-10-18,2021-10-25,2021-11-26,STN,18091
Play,2021-10-18,2021-10-25,2021-11-28,STN,16086
Play,2021-10-18,2021-10-25,2021-11-29,STN,17011
Play,2021-10-18,2021-10-25,2021-12-02,STN,18091
Play,2021-10-18,2021-10-25,2021-12-03,STN,18091
Play,2021-10-18,2021-10-25,2021-12-05,STN,19171
Play,2021-10-18,2021-10-25,2021-12-06,STN,16086
Play,2021-10-18,2021-10-25,2021-12-09,STN,16086
Play,2021-10-18,2021-10-25,2021-12-10,STN,16086
Play,2021-10-18,2021-10-28,2021-10-29,STN,20116
Play,2021-10-18,2021-10-28,2021-10-31,STN,18111
Play,2021-10-18,2021-10-28,2021-11-01,STN,19036
Play,2021-10-18,2021-10-28,2021-11-04,STN,20116
Play,2021-10-18,2021-10-28,2021-11-05,STN,25246
Play,2021-10-18,2021-10-28,2021-11-07,STN,20116
Play,2021-10-18,2021-10-28,2021-11-08,STN,25246
Play,2021-10-18,2021-10-28,2021-11-11,STN,20116
Play,2021-10-18,2021-10-28,2021-11-12,STN,20116
Play,2021-10-18,2021-10-28,2021-11-14,STN,18111
Play,2021-10-18,2021-10-28,2021-11-15,STN,19036
Play,2021-10-18,2021-10-28,2021-11-18,STN,20116
Play,2021-10-18,2021-10-28,2021-11-19,STN,20116
Play,2021-10-18,2021-10-28,2021-11-21,STN,20116
Play,2021-10-18,2021-10-28,2021-11-22,STN,20116
Play,2021-10-18,2021-10-28,2021-11-25,STN,19036
Play,2021-10-18,2021-10-28,2021-11-26,STN,20116
Play,2021-10-18,2021-10-28,2021-11-28,STN,18111
Play,2021-10-18,2021-10-28,2021-11-29,STN,19036
Play,2021-10-18,2021-10-28,2021-12-02,STN,20116
Play,2021-10-18,2021-10-28,2021-12-03,STN,20116
Play,2021-10-18,2021-10-28,2021-12-05,STN,21196
Play,2021-10-18,2021-10-28,2021-12-06,STN,18111
Play,2021-10-18,2021-10-28,2021-12-09,STN,18111
Play,2021-10-18,2021-10-28,2021-12-10,STN,18111
Play,2021-10-18,2021-10-29,2021-10-31,STN,20136
Play,2021-10-18,2021-10-29,2021-11-01,STN,21061
Play,2021-10-18,2021-10-29,2021-11-04,STN,22141
Play,2021-10-18,2021-10-29,2021-11-05,STN,27271
Play,2021-10-18,2021-10-29,2021-11-07,STN,22141
Play,2021-10-18,2021-10-29,2021-11-08,STN,27271
Play,2021-10-18,2021-10-29,2021-11-11,STN,22141
Play,2021-10-18,2021-10-29,2021-11-12,STN,22141
Play,2021-10-18,2021-10-29,2021-11-14,STN,20136
Play,2021-10-18,2021-10-29,2021-11-15,STN,21061
Play,2021-10-18,2021-10-29,2021-11-18,STN,22141
Play,2021-10-18,2021-10-29,2021-11-19,STN,22141
Play,2021-10-18,2021-10-29,2021-11-21,STN,22141
Play,2021-10-18,2021-10-29,2021-11-22,STN,22141
Play,2021-10-18,2021-10-29,2021-11-25,STN,21061
Play,2021-10-18,2021-10-29,2021-11-26,STN,22141
Play,2021-10-18,2021-10-29,2021-11-28,STN,20136
Play,2021-10-18,2021-10-29,2021-11-29,STN,21061
Play,2021-10-18,2021-10-29,2021-12-02,STN,22141
Play,2021-10-18,2021-10-29,2021-12-03,STN,22141
Play,2021-10-18,2021-10-29,2021-12-05,STN,23221
Play,2021-10-18,2021-10-29,2021-12-06,STN,20136
Play,2021-10-18,2021-10-29,2021-12-09,STN,20136
Play,2021-10-18,2021-10-29,2021-12-10,STN,20136
Play,2021-10-18,2021-10-31,2021-11-01,STN,25111
Play,2021-10-18,2021-10-31,2021-11-04,STN,26191
Play,2021-10-18,2021-10-31,2021-11-05,STN,31321
Play,2021-10-18,2021-10-31,2021-11-07,STN,26191
Play,2021-10-18,2021-10-31,2021-11-08,STN,31321
Play,2021-10-18,2021-10-31,2021-11-11,STN,26191
Play,2021-10-18,2021-10-31,2021-11-12,STN,26191
Play,2021-10-18,2021-10-31,2021-11-14,STN,24186
Play,2021-10-18,2021-10-31,2021-11-15,STN,25111
Play,2021-10-18,2021-10-31,2021-11-18,STN,26191
Play,2021-10-18,2021-10-31,2021-11-19,STN,26191
Play,2021-10-18,2021-10-31,2021-11-21,STN,26191
Play,2021-10-18,2021-10-31,2021-11-22,STN,26191
Play,2021-10-18,2021-10-31,2021-11-25,STN,25111
Play,2021-10-18,2021-10-31,2021-11-26,STN,26191
Play,2021-10-18,2021-10-31,2021-11-28,STN,24186
Play,2021-10-18,2021-10-31,2021-11-29,STN,25111
Play,2021-10-18,2021-10-31,2021-12-02,STN,26191
Play,2021-10-18,2021-10-31,2021-12-03,STN,26191
Play,2021-10-18,2021-10-31,2021-12-05,STN,27271
Play,2021-10-18,2021-10-31,2021-12-06,STN,24186
Play,2021-10-18,2021-10-31,2021-12-09,STN,24186
Play,2021-10-18,2021-10-31,2021-12-10,STN,24186
Play,2021-10-18,2021-11-01,2021-11-04,STN,15931
Play,2021-10-18,2021-11-01,2021-11-05,STN,21061
Play,2021-10-18,2021-11-01,2021-11-07,STN,15931
Play,2021-10-18,2021-11-01,2021-11-08,STN,21061
Play,2021-10-18,2021-11-01,2021-11-11,STN,15931
Play,2021-10-18,2021-11-01,2021-11-12,STN,15931
Play,2021-10-18,2021-11-01,2021-11-14,STN,13926
Play,2021-10-18,2021-11-01,2021-11-15,STN,14851
Play,2021-10-18,2021-11-01,2021-11-18,STN,15931
Play,2021-10-18,2021-11-01,2021-11-19,STN,15931
Play,2021-10-18,2021-11-01,2021-11-21,STN,15931
Play,2021-10-18,2021-11-01,2021-11-22,STN,15931
Play,2021-10-18,2021-11-01,2021-11-25,STN,14851
Play,2021-10-18,2021-11-01,2021-11-26,STN,15931
Play,2021-10-18,2021-11-01,2021-11-28,STN,13926
Play,2021-10-18,2021-11-01,2021-11-29,STN,14851
Play,2021-10-18,2021-11-01,2021-12-02,STN,15931
Play,2021-10-18,2021-11-01,2021-12-03,STN,15931
Play,2021-10-18,2021-11-01,2021-12-05,STN,17011
Play,2021-10-18,2021-11-01,2021-12-06,STN,13926
Play,2021-10-18,2021-11-01,2021-12-09,STN,13926
Play,2021-10-18,2021-11-01,2021-12-10,STN,13926
Play,2021-10-18,2021-11-04,2021-11-05,STN,22141
Play,2021-10-18,2021-11-04,2021-11-07,STN,17011
Play,2021-10-18,2021-11-04,2021-11-08,STN,22141
Play,2021-10-18,2021-11-04,2021-11-11,STN,17011
Play,2021-10-18,2021-11-04,2021-11-12,STN,17011
Play,2021-10-18,2021-11-04,2021-11-14,STN,15006
Play,2021-10-18,2021-11-04,2021-11-15,STN,15931
Play,2021-10-18,2021-11-04,2021-11-18,STN,17011
Play,2021-10-18,2021-11-04,2021-11-19,STN,17011
Play,2021-10-18,2021-11-04,2021-11-21,STN,17011
Play,2021-10-18,2021-11-04,2021-11-22,STN,17011
Play,2021-10-18,2021-11-04,2021-11-25,STN,15931
Play,2021-10-18,2021-11-04,2021-11-26,STN,17011
Play,2021-10-18,2021-11-04,2021-11-28,STN,15006
Play,2021-10-18,2021-11-04,2021-11-29,STN,15931
Play,2021-10-18,2021-11-04,2021-12-02,STN,17011
Play,2021-10-18,2021-11-04,2021-12-03,STN,17011
Play,2021-10-18,2021-11-04,2021-12-05,STN,18091
Play,2021-10-18,2021-11-04,2021-12-06,STN,15006
Play,2021-10-18,2021-11-04,2021-12-09,STN,15006
Play,2021-10-18,2021-11-04,2021-12-10,STN,15006
Play,2021-10-18,2021-11-05,2021-11-07,STN,17011
Play,2021-10-18,2021-11-05,2021-11-08,STN,22141
Play,2021-10-18,2021-11-05,2021-11-11,STN,17011
Play,2021-10-18,2021-11-05,2021-11-12,STN,17011
Play,2021-10-18,2021-11-05,2021-11-14,STN,15006
Play,2021-10-18,2021-11-05,2021-11-15,STN,15931
Play,2021-10-18,2021-11-05,2021-11-18,STN,17011
Play,2021-10-18,2021-11-05,2021-11-19,STN,17011
Play,2021-10-18,2021-11-05,2021-11-21,STN,17011
Play,2021-10-18,2021-11-05,2021-11-22,STN,17011
Play,2021-10-18,2021-11-05,2021-11-25,STN,15931
Play,2021-10-18,2021-11-05,2021-11-26,STN,17011
Play,2021-10-18,2021-11-05,2021-11-28,STN,15006
Play,2021-10-18,2021-11-05,2021-11-29,STN,15931
Play,2021-10-18,2021-11-05,2021-12-02,STN,17011
Play,2021-10-18,2021-11-05,2021-12-03,STN,17011
Play,2021-10-18,2021-11-05,2021-12-05,STN,18091
Play,2021-10-18,2021-11-05,2021-12-06,STN,15006
Play,2021-10-18,2021-11-05,2021-12-09,STN,15006
Play,2021-10-18,2021-11-05,2021-12-10,STN,15006
Play,2021-10-18,2021-11-07,2021-11-08,STN,23221
Play,2021-10-18,2021-11-07,2021-11-11,STN,18091
Play,2021-10-18,2021-11-07,2021-11-12,STN,18091
Play,2021-10-18,2021-11-07,2021-11-14,STN,16086
Play,2021-10-18,2021-11-07,2021-11-15,STN,17011
Play,2021-10-18,2021-11-07,2021-11-18,STN,18091
Play,2021-10-18,2021-11-07,2021-11-19,STN,18091
Play,2021-10-18,2021-11-07,2021-11-21,STN,18091
Play,2021-10-18,2021-11-07,2021-11-22,STN,18091
Play,2021-10-18,2021-11-07,2021-11-25,STN,17011
Play,2021-10-18,2021-11-07,2021-11-26,STN,18091
Play,2021-10-18,2021-11-07,2021-11-28,STN,16086
Play,2021-10-18,2021-11-07,2021-11-29,STN,17011
Play,2021-10-18,2021-11-07,2021-12-02,STN,18091
Play,2021-10-18,2021-11-07,2021-12-03,STN,18091
Play,2021-10-18,2021-11-07,2021-12-05,STN,19171
Play,2021-10-18,2021-11-07,2021-12-06,STN,16086
Play,2021-10-18,2021-11-07,2021-12-09,STN,16086
Play,2021-10-18,2021-11-07,2021-12-10,STN,16086
Play,2021-10-18,2021-11-08,2021-11-11,STN,15006
Play,2021-10-18,2021-11-08,2021-11-12,STN,15006
Play,2021-10-18,2021-11-08,2021-11-14,STN,13001
Play,2021-10-18,2021-11-08,2021-11-15,STN,13926
Play,2021-10-18,2021-11-08,2021-11-18,STN,15006
Play,2021-10-18,2021-11-08,2021-11-19,STN,15006
Play,2021-10-18,2021-11-08,2021-11-21,STN,15006
Play,2021-10-18,2021-11-08,2021-11-22,STN,15006
Play,2021-10-18,2021-11-08,2021-11-25,STN,13926
Play,2021-10-18,2021-11-08,2021-11-26,STN,15006
Play,2021-10-18,2021-11-08,2021-11-28,STN,13001
Play,2021-10-18,2021-11-08,2021-11-29,STN,13926
Play,2021-10-18,2021-11-08,2021-12-02,STN,15006
Play,2021-10-18,2021-11-08,2021-12-03,STN,15006
Play,2021-10-18,2021-11-08,2021-12-05,STN,16086
Play,2021-10-18,2021-11-08,2021-12-06,STN,13001
Play,2021-10-18,2021-11-08,2021-12-09,STN,13001
Play,2021-10-18,2021-11-08,2021-12-10,STN,13001
Play,2021-10-18,2021-11-11,2021-11-12,STN,20116
Play,2021-10-18,2021-11-11,2021-11-14,STN,18111
Play,2021-10-18,2021-11-11,2021-11-15,STN,19036
Play,2021-10-18,2021-11-11,2021-11-18,STN,20116
Play,2021-10-18,2021-11-11,2021-11-19,STN,20116
Play,2021-10-18,2021-11-11,2021-11-21,STN,20116
Play,2021-10-18,2021-11-11,2021-11-22,STN,20116
Play,2021-10-18,2021-11-11,2021-11-25,STN,19036
Play,2021-10-18,2021-11-11,2021-11-26,STN,20116
Play,2021-10-18,2021-11-11,2021-11-28,STN,18111
Play,2021-10-18,2021-11-11,2021-11-29,STN,19036
Play,2021-10-18,2021-11-11,2021-12-02,STN,20116
Play,2021-10-18,2021-11-11,2021-12-03,STN,20116
Play,2021-10-18,2021-11-11,2021-12-05,STN,21196
Play,2021-10-18,2021-11-11,2021-12-06,STN,18111
Play,2021-10-18,2021-11-11,2021-12-09,STN,18111
Play,2021-10-18,2021-11-11,2021-12-10,STN,18111
Play,2021-10-18,2021-11-12,2021-11-14,STN,16086
Play,2021-10-18,2021-11-12,2021-11-15,STN,17011
Play,2021-10-18,2021-11-12,2021-11-18,STN,18091
Play,2021-10-18,2021-11-12,2021-11-19,STN,18091
Play,2021-10-18,2021-11-12,2021-11-21,STN,18091
Play,2021-10-18,2021-11-12,2021-11-22,STN,18091
Play,2021-10-18,2021-11-12,2021-11-25,STN,17011
Play,2021-10-18,2021-11-12,2021-11-26,STN,18091
Play,2021-10-18,2021-11-12,2021-11-28,STN,16086
Play,2021-10-18,2021-11-12,2021-11-29,STN,17011
Play,2021-10-18,2021-11-12,2021-12-02,STN,18091
Play,2021-10-18,2021-11-12,2021-12-03,STN,18091
Play,2021-10-18,2021-11-12,2021-12-05,STN,19171
Play,2021-10-18,2021-11-12,2021-12-06,STN,16086
Play,2021-10-18,2021-11-12,2021-12-09,STN,16086
Play,2021-10-18,2021-11-12,2021-12-10,STN,16086
Play,2021-10-18,2021-11-14,2021-11-15,STN,45766
Play,2021-10-18,2021-11-14,2021-11-18,STN,46846
Play,2021-10-18,2021-11-14,2021-11-19,STN,46846
Play,2021-10-18,2021-11-14,2021-11-21,STN,46846
Play,2021-10-18,2021-11-14,2021-11-22,STN,46846
Play,2021-10-18,2021-11-14,2021-11-25,STN,45766
Play,2021-10-18,2021-11-14,2021-11-26,STN,46846
Play,2021-10-18,2021-11-14,2021-11-28,STN,44841
Play,2021-10-18,2021-11-14,2021-11-29,STN,45766
Play,2021-10-18,2021-11-14,2021-12-02,STN,46846
Play,2021-10-18,2021-11-14,2021-12-03,STN,46846
Play,2021-10-18,2021-11-14,2021-12-05,STN,47926
Play,2021-10-18,2021-11-14,2021-12-06,STN,44841
Play,2021-10-18,2021-11-14,2021-12-09,STN,44841
Play,2021-10-18,2021-11-14,2021-12-10,STN,44841
Play,2021-10-18,2021-11-15,2021-11-18,STN,18091
Play,2021-10-18,2021-11-15,2021-11-19,STN,18091
Play,2021-10-18,2021-11-15,2021-11-21,STN,18091
Play,2021-10-18,2021-11-15,2021-11-22,STN,18091
Play,2021-10-18,2021-11-15,2021-11-25,STN,17011
Play,2021-10-18,2021-11-15,2021-11-26,STN,18091
Play,2021-10-18,2021-11-15,2021-11-28,STN,16086
Play,2021-10-18,2021-11-15,2021-11-29,STN,17011
Play,2021-10-18,2021-11-15,2021-12-02,STN,18091
Play,2021-10-18,2021-11-15,2021-12-03,STN,18091
Play,2021-10-18,2021-11-15,2021-12-05,STN,19171
Play,2021-10-18,2021-11-15,2021-12-06,STN,16086
Play,2021-10-18,2021-11-15,2021-12-09,STN,16086
Play,2021-10-18,2021-11-15,2021-12-10,STN,16086
Play,2021-10-18,2021-11-18,2021-11-19,STN,17011
Play,2021-10-18,2021-11-18,2021-11-21,STN,17011
Play,2021-10-18,2021-11-18,2021-11-22,STN,17011
Play,2021-10-18,2021-11-18,2021-11-25,STN,15931
Play,2021-10-18,2021-11-18,2021-11-26,STN,17011
Play,2021-10-18,2021-11-18,2021-11-28,STN,15006
Play,2021-10-18,2021-11-18,2021-11-29,STN,15931
Play,2021-10-18,2021-11-18,2021-12-02,STN,17011
Play,2021-10-18,2021-11-18,2021-12-03,STN,17011
Play,2021-10-18,2021-11-18,2021-12-05,STN,18091
Play,2021-10-18,2021-11-18,2021-12-06,STN,15006
Play,2021-10-18,2021-11-18,2021-12-09,STN,15006
Play,2021-10-18,2021-11-18,2021-12-10,STN,15006
Play,2021-10-18,2021-11-19,2021-11-21,STN,18091
Play,2021-10-18,2021-11-19,2021-11-22,STN,18091
Play,2021-10-18,2021-11-19,2021-11-25,STN,17011
Play,2021-10-18,2021-11-19,2021-11-26,STN,18091
Play,2021-10-18,2021-11-19,2021-11-28,STN,16086
Play,2021-10-18,2021-11-19,2021-11-29,STN,17011
Play,2021-10-18,2021-11-19,2021-12-02,STN,18091
Play,2021-10-18,2021-11-19,2021-12-03,STN,18091
Play,2021-10-18,2021-11-19,2021-12-05,STN,19171
Play,2021-10-18,2021-11-19,2021-12-06,STN,16086
Play,2021-10-18,2021-11-19,2021-12-09,STN,16086
Play,2021-10-18,2021-11-19,2021-12-10,STN,16086
Play,2021-10-18,2021-11-21,2021-11-22,STN,17011
Play,2021-10-18,2021-11-21,2021-11-25,STN,15931
Play,2021-10-18,2021-11-21,2021-11-26,STN,17011
Play,2021-10-18,2021-11-21,2021-11-28,STN,15006
Play,2021-10-18,2021-11-21,2021-11-29,STN,15931
Play,2021-10-18,2021-11-21,2021-12-02,STN,17011
Play,2021-10-18,2021-11-21,2021-12-03,STN,17011
Play,2021-10-18,2021-11-21,2021-12-05,STN,18091
Play,2021-10-18,2021-11-21,2021-12-06,STN,15006
Play,2021-10-18,2021-11-21,2021-12-09,STN,15006
Play,2021-10-18,2021-11-21,2021-12-10,STN,15006
Play,2021-10-18,2021-11-22,2021-11-25,STN,13926
Play,2021-10-18,2021-11-22,2021-11-26,STN,15006
Play,2021-10-18,2021-11-22,2021-11-28,STN,13001
Play,2021-10-18,2021-11-22,2021-11-29,STN,13926
Play,2021-10-18,2021-11-22,2021-12-02,STN,15006
Play,2021-10-18,2021-11-22,2021-12-03,STN,15006
Play,2021-10-18,2021-11-22,2021-12-05,STN,16086
Play,2021-10-18,2021-11-22,2021-12-06,STN,13001
Play,2021-10-18,2021-11-22,2021-12-09,STN,13001
Play,2021-10-18,2021-11-22,2021-12-10,STN,13001
Play,2021-10-18,2021-11-25,2021-11-26,STN,15931
Play,2021-10-18,2021-11-25,2021-11-28,STN,13926
Play,2021-10-18,2021-11-25,2021-11-29,STN,14851
Play,2021-10-18,2021-11-25,2021-12-02,STN,15931
Play,2021-10-18,2021-11-25,2021-12-03,STN,15931
Play,2021-10-18,2021-11-25,2021-12-05,STN,17011
Play,2021-10-18,2021-11-25,2021-12-06,STN,13926
Play,2021-10-18,2021-11-25,2021-12-09,STN,13926
Play,2021-10-18,2021-11-25,2021-12-10,STN,13926
Play,2021-10-18,2021-11-26,2021-11-28,STN,13001
Play,2021-10-18,2021-11-26,2021-11-29,STN,13926
Play,2021-10-18,2021-11-26,2021-12-02,STN,15006
Play,2021-10-18,2021-11-26,2021-12-03,STN,15006
Play,2021-10-18,2021-11-26,2021-12-05,STN,16086
Play,2021-10-18,2021-11-26,2021-12-06,STN,13001
Play,2021-10-18,2021-11-26,2021-12-09,STN,13001
Play,2021-10-18,2021-11-26,2021-12-10,STN,13001
Play,2021-10-18,2021-11-28,2021-11-29,STN,15931
Play,2021-10-18,2021-11-28,2021-12-02,STN,17011
Play,2021-10-18,2021-11-28,2021-12-03,STN,17011
Play,2021-10-18,2021-11-28,2021-12-05,STN,18091
Play,2021-10-18,2021-11-28,2021-12-06,STN,15006
Play,2021-10-18,2021-11-28,2021-12-09,STN,15006
Play,2021-10-18,2021-11-28,2021-12-10,STN,15006
Play,2021-10-18,2021-11-29,2021-12-02,STN,17011
Play,2021-10-18,2021-11-29,2021-12-03,STN,17011
Play,2021-10-18,2021-11-29,2021-12-05,STN,18091
Play,2021-10-18,2021-11-29,2021-12-06,STN,15006
Play,2021-10-18,2021-11-29,2021-12-09,STN,15006
Play,2021-10-18,2021-11-29,2021-12-10,STN,15006
Play,2021-10-18,2021-12-02,2021-12-03,STN,18091
Play,2021-10-18,2021-12-02,2021-12-05,STN,19171
Play,2021-10-18,2021-12-02,2021-12-06,STN,16086
Play,2021-10-18,2021-12-02,2021-12-09,STN,16086
Play,2021-10-18,2021-12-02,2021-12-10,STN,16086
Play,2021-10-18,2021-12-03,2021-12-05,STN,16086
Play,2021-10-18,2021-12-03,2021-12-06,STN,13001
Play,2021-10-18,2021-12-03,2021-12-09,STN,13001
Play,2021-10-18,2021-12-03,2021-12-10,STN,13001
Play,2021-10-18,2021-12-05,2021-12-06,STN,13926
Play,2021-10-18,2021-12-05,2021-12-09,STN,13926
Play,2021-10-18,2021-12-05,2021-12-10,STN,13926
Play,2021-10-18,2021-12-06,2021-12-09,STN,11206
Play,2021-10-18,2021-12-06,2021-12-10,STN,11206
Play,2021-10-18,2021-12-09,2021-12-10,STN,15006
Play,2021-10-18,2021-10-21,2021-10-22,CDG,35151
Play,2021-10-18,2021-10-21,2021-10-24,CDG,51387
Play,2021-10-18,2021-10-21,2021-10-25,CDG,80442
Play,2021-10-18,2021-10-21,2021-10-28,CDG,35151
Play,2021-10-18,2021-10-21,2021-10-29,CDG,36789
Play,2021-10-18,2021-10-21,2021-10-31,CDG,43995
Play,2021-10-18,2021-10-21,2021-11-01,CDG,31491
Play,2021-10-18,2021-10-21,2021-11-04,CDG,26667
Play,2021-10-18,2021-10-21,2021-11-05,CDG,28107
Play,2021-10-18,2021-10-21,2021-11-07,CDG,33513
Play,2021-10-18,2021-10-21,2021-11-08,CDG,26667
Play,2021-10-18,2021-10-21,2021-11-11,CDG,36789
Play,2021-10-18,2021-10-21,2021-11-12,CDG,26667
Play,2021-10-18,2021-10-21,2021-11-14,CDG,28107
Play,2021-10-18,2021-10-21,2021-11-15,CDG,26667
Play,2021-10-18,2021-10-21,2021-11-18,CDG,24867
Play,2021-10-18,2021-10-21,2021-11-19,CDG,26667
Play,2021-10-18,2021-10-21,2021-11-21,CDG,26667
Play,2021-10-18,2021-10-21,2021-11-22,CDG,26667
Play,2021-10-18,2021-10-21,2021-11-25,CDG,26667
Play,2021-10-18,2021-10-21,2021-11-26,CDG,24867
Play,2021-10-18,2021-10-21,2021-11-28,CDG,24867
Play,2021-10-18,2021-10-21,2021-11-29,CDG,28107
Play,2021-10-18,2021-10-21,2021-12-02,CDG,24872
Play,2021-10-18,2021-10-21,2021-12-03,CDG,24872
Play,2021-10-18,2021-10-21,2021-12-05,CDG,29892
Play,2021-10-18,2021-10-21,2021-12-06,CDG,24872
Play,2021-10-18,2021-10-21,2021-12-09,CDG,24872
Play,2021-10-18,2021-10-21,2021-12-10,CDG,24872
Play,2021-10-18,2021-10-22,2021-10-24,CDG,48003
Play,2021-10-18,2021-10-22,2021-10-25,CDG,77058
Play,2021-10-18,2021-10-22,2021-10-28,CDG,31767
Play,2021-10-18,2021-10-22,2021-10-29,CDG,33405
Play,2021-10-18,2021-10-22,2021-10-31,CDG,40611
Play,2021-10-18,2021-10-22,2021-11-01,CDG,28107
Play,2021-10-18,2021-10-22,2021-11-04,CDG,23283
Play,2021-10-18,2021-10-22,2021-11-05,CDG,24723
Play,2021-10-18,2021-10-22,2021-11-07,CDG,30129
Play,2021-10-18,2021-10-22,2021-11-08,CDG,23283
Play,2021-10-18,2021-10-22,2021-11-11,CDG,33405
Play,2021-10-18,2021-10-22,2021-11-12,CDG,23283
Play,2021-10-18,2021-10-22,2021-11-14,CDG,24723
Play,2021-10-18,2021-10-22,2021-11-15,CDG,23283
Play,2021-10-18,2021-10-22,2021-11-18,CDG,21483
Play,2021-10-18,2021-10-22,2021-11-19,CDG,23283
Play,2021-10-18,2021-10-22,2021-11-21,CDG,23283
Play,2021-10-18,2021-10-22,2021-11-22,CDG,23283
Play,2021-10-18,2021-10-22,2021-11-25,CDG,23283
Play,2021-10-18,2021-10-22,2021-11-26,CDG,21483
Play,2021-10-18,2021-10-22,2021-11-28,CDG,21483
Play,2021-10-18,2021-10-22,2021-11-29,CDG,24723
Play,2021-10-18,2021-10-22,2021-12-02,CDG,21488
Play,2021-10-18,2021-10-22,2021-12-03,CDG,21488
Play,2021-10-18,2021-10-22,2021-12-05,CDG,26508
Play,2021-10-18,2021-10-22,2021-12-06,CDG,21488
Play,2021-10-18,2021-10-22,2021-12-09,CDG,21488
Play,2021-10-18,2021-10-22,2021-12-10,CDG,21488
Play,2021-10-18,2021-10-24,2021-10-25,CDG,73818
Play,2021-10-18,2021-10-24,2021-10-28,CDG,28527
Play,2021-10-18,2021-10-24,2021-10-29,CDG,30165
Play,2021-10-18,2021-10-24,2021-10-31,CDG,37371
Play,2021-10-18,2021-10-24,2021-11-01,CDG,24867
Play,2021-10-18,2021-10-24,2021-11-04,CDG,20043
Play,2021-10-18,2021-10-24,2021-11-05,CDG,21483
Play,2021-10-18,2021-10-24,2021-11-07,CDG,26889
Play,2021-10-18,2021-10-24,2021-11-08,CDG,20043
Play,2021-10-18,2021-10-24,2021-11-11,CDG,30165
Play,2021-10-18,2021-10-24,2021-11-12,CDG,20043
Play,2021-10-18,2021-10-24,2021-11-14,CDG,21483
Play,2021-10-18,2021-10-24,2021-11-15,CDG,20043
Play,2021-10-18,2021-10-24,2021-11-18,CDG,18243
Play,2021-10-18,2021-10-24,2021-11-19,CDG,20043
Play,2021-10-18,2021-10-24,2021-11-21,CDG,20043
Play,2021-10-18,2021-10-24,2021-11-22,CDG,20043
Play,2021-10-18,2021-10-24,2021-11-25,CDG,20043
Play,2021-10-18,2021-10-24,2021-11-26,CDG,18243
Play,2021-10-18,2021-10-24,2021-11-28,CDG,18243
Play,2021-10-18,2021-10-24,2021-11-29,CDG,21483
Play,2021-10-18,2021-10-24,2021-12-02,CDG,18248
Play,2021-10-18,2021-10-24,2021-12-03,CDG,18248
Play,2021-10-18,2021-10-24,2021-12-05,CDG,23268
Play,2021-10-18,2021-10-24,2021-12-06,CDG,18248
Play,2021-10-18,2021-10-24,2021-12-09,CDG,18248
Play,2021-10-18,2021-10-24,2021-12-10,CDG,18248
Play,2021-10-18,2021-10-25,2021-10-28,CDG,28527
Play,2021-10-18,2021-10-25,2021-10-29,CDG,30165
Play,2021-10-18,2021-10-25,2021-10-31,CDG,37371
Play,2021-10-18,2021-10-25,2021-11-01,CDG,24867
Play,2021-10-18,2021-10-25,2021-11-04,CDG,20043
Play,2021-10-18,2021-10-25,2021-11-05,CDG,21483
Play,2021-10-18,2021-10-25,2021-11-07,CDG,26889
Play,2021-10-18,2021-10-25,2021-11-08,CDG,20043
Play,2021-10-18,2021-10-25,2021-11-11,CDG,30165
Play,2021-10-18,2021-10-25,2021-11-12,CDG,20043
Play,2021-10-18,2021-10-25,2021-11-14,CDG,21483
Play,2021-10-18,2021-10-25,2021-11-15,CDG,20043
Play,2021-10-18,2021-10-25,2021-11-18,CDG,18243
Play,2021-10-18,2021-10-25,2021-11-19,CDG,20043
Play,2021-10-18,2021-10-25,2021-11-21,CDG,20043
Play,2021-10-18,2021-10-25,2021-11-22,CDG,20043
Play,2021-10-18,2021-10-25,2021-11-25,CDG,20043
Play,2021-10-18,2021-10-25,2021-11-26,CDG,18243
Play,2021-10-18,2021-10-25,2021-11-28,CDG,18243
Play,2021-10-18,2021-10-25,2021-11-29,CDG,21483
Play,2021-10-18,2021-10-25,2021-12-02,CDG,18248
Play,2021-10-18,2021-10-25,2021-12-03,CDG,18248
Play,2021-10-18,2021-10-25,2021-12-05,CDG,23268
Play,2021-10-18,2021-10-25,2021-12-06,CDG,18248
Play,2021-10-18,2021-10-25,2021-12-09,CDG,18248
Play,2021-10-18,2021-10-25,2021-12-10,CDG,18248
Play,2021-10-18,2021-10-28,2021-10-29,CDG,33405
Play,2021-10-18,2021-10-28,2021-10-31,CDG,40611
Play,2021-10-18,2021-10-28,2021-11-01,CDG,28107
Play,2021-10-18,2021-10-28,2021-11-04,CDG,23283
Play,2021-10-18,2021-10-28,2021-11-05,CDG,24723
Play,2021-10-18,2021-10-28,2021-11-07,CDG,30129
Play,2021-10-18,2021-10-28,2021-11-08,CDG,23283
Play,2021-10-18,2021-10-28,2021-11-11,CDG,33405
Play,2021-10-18,2021-10-28,2021-11-12,CDG,23283
Play,2021-10-18,2021-10-28,2021-11-14,CDG,24723
Play,2021-10-18,2021-10-28,2021-11-15,CDG,23283
Play,2021-10-18,2021-10-28,2021-11-18,CDG,21483
Play,2021-10-18,2021-10-28,2021-11-19,CDG,23283
Play,2021-10-18,2021-10-28,2021-11-21,CDG,23283
Play,2021-10-18,2021-10-28,2021-11-22,CDG,23283
Play,2021-10-18,2021-10-28,2021-11-25,CDG,23283
Play,2021-10-18,2021-10-28,2021-11-26,CDG,21483
Play,2021-10-18,2021-10-28,2021-11-28,CDG,21483
Play,2021-10-18,2021-10-28,2021-11-29,CDG,24723
Play,2021-10-18,2021-10-28,2021-12-02,CDG,21488
Play,2021-10-18,2021-10-28,2021-12-03,CDG,21488
Play,2021-10-18,2021-10-28,2021-12-05,CDG,26508
Play,2021-10-18,2021-10-28,2021-12-06,CDG,21488
Play,2021-10-18,2021-10-28,2021-12-09,CDG,21488
Play,2021-10-18,2021-10-28,2021-12-10,CDG,21488
Play,2021-10-18,2021-10-29,2021-10-31,CDG,40611
Play,2021-10-18,2021-10-29,2021-11-01,CDG,28107
Play,2021-10-18,2021-10-29,2021-11-04,CDG,23283
Play,2021-10-18,2021-10-29,2021-11-05,CDG,24723
Play,2021-10-18,2021-10-29,2021-11-07,CDG,30129
Play,2021-10-18,2021-10-29,2021-11-08,CDG,23283
Play,2021-10-18,2021-10-29,2021-11-11,CDG,33405
Play,2021-10-18,2021-10-29,2021-11-12,CDG,23283
Play,2021-10-18,2021-10-29,2021-11-14,CDG,24723
Play,2021-10-18,2021-10-29,2021-11-15,CDG,23283
Play,2021-10-18,2021-10-29,2021-11-18,CDG,21483
Play,2021-10-18,2021-10-29,2021-11-19,CDG,23283
Play,2021-10-18,2021-10-29,2021-11-21,CDG,23283
Play,2021-10-18,2021-10-29,2021-11-22,CDG,23283
Play,2021-10-18,2021-10-29,2021-11-25,CDG,23283
Play,2021-10-18,2021-10-29,2021-11-26,CDG,21483
Play,2021-10-18,2021-10-29,2021-11-28,CDG,21483
Play,2021-10-18,2021-10-29,2021-11-29,CDG,24723
Play,2021-10-18,2021-10-29,2021-12-02,CDG,21488
Play,2021-10-18,2021-10-29,2021-12-03,CDG,21488
Play,2021-10-18,2021-10-29,2021-12-05,CDG,26508
Play,2021-10-18,2021-10-29,2021-12-06,CDG,21488
Play,2021-10-18,2021-10-29,2021-12-09,CDG,21488
Play,2021-10-18,2021-10-29,2021-12-10,CDG,21488
Play,2021-10-18,2021-10-31,2021-11-01,CDG,35151
Play,2021-10-18,2021-10-31,2021-11-04,CDG,30327
Play,2021-10-18,2021-10-31,2021-11-05,CDG,31767
Play,2021-10-18,2021-10-31,2021-11-07,CDG,37173
Play,2021-10-18,2021-10-31,2021-11-08,CDG,30327
Play,2021-10-18,2021-10-31,2021-11-11,CDG,40449
Play,2021-10-18,2021-10-31,2021-11-12,CDG,30327
Play,2021-10-18,2021-10-31,2021-11-14,CDG,31767
Play,2021-10-18,2021-10-31,2021-11-15,CDG,30327
Play,2021-10-18,2021-10-31,2021-11-18,CDG,28527
Play,2021-10-18,2021-10-31,2021-11-19,CDG,30327
Play,2021-10-18,2021-10-31,2021-11-21,CDG,30327
Play,2021-10-18,2021-10-31,2021-11-22,CDG,30327
Play,2021-10-18,2021-10-31,2021-11-25,CDG,30327
Play,2021-10-18,2021-10-31,2021-11-26,CDG,28527
Play,2021-10-18,2021-10-31,2021-11-28,CDG,28527
Play,2021-10-18,2021-10-31,2021-11-29,CDG,31767
Play,2021-10-18,2021-10-31,2021-12-02,CDG,28532
Play,2021-10-18,2021-10-31,2021-12-03,CDG,28532
Play,2021-10-18,2021-10-31,2021-12-05,CDG,33552
Play,2021-10-18,2021-10-31,2021-12-06,CDG,28532
Play,2021-10-18,2021-10-31,2021-12-09,CDG,28532
Play,2021-10-18,2021-10-31,2021-12-10,CDG,28532
Play,2021-10-18,2021-11-01,2021-11-04,CDG,31965
Play,2021-10-18,2021-11-01,2021-11-05,CDG,33405
Play,2021-10-18,2021-11-01,2021-11-07,CDG,38811
Play,2021-10-18,2021-11-01,2021-11-08,CDG,31965
Play,2021-10-18,2021-11-01,2021-11-11,CDG,42087
Play,2021-10-18,2021-11-01,2021-11-12,CDG,31965
Play,2021-10-18,2021-11-01,2021-11-14,CDG,33405
Play,2021-10-18,2021-11-01,2021-11-15,CDG,31965
Play,2021-10-18,2021-11-01,2021-11-18,CDG,30165
Play,2021-10-18,2021-11-01,2021-11-19,CDG,31965
Play,2021-10-18,2021-11-01,2021-11-21,CDG,31965
Play,2021-10-18,2021-11-01,2021-11-22,CDG,31965
Play,2021-10-18,2021-11-01,2021-11-25,CDG,31965
Play,2021-10-18,2021-11-01,2021-11-26,CDG,30165
Play,2021-10-18,2021-11-01,2021-11-28,CDG,30165
Play,2021-10-18,2021-11-01,2021-11-29,CDG,33405
Play,2021-10-18,2021-11-01,2021-12-02,CDG,30170
Play,2021-10-18,2021-11-01,2021-12-03,CDG,30170
Play,2021-10-18,2021-11-01,2021-12-05,CDG,35190
Play,2021-10-18,2021-11-01,2021-12-06,CDG,30170
Play,2021-10-18,2021-11-01,2021-12-09,CDG,30170
Play,2021-10-18,2021-11-01,2021-12-10,CDG,30170
Play,2021-10-18,2021-11-04,2021-11-05,CDG,33405
Play,2021-10-18,2021-11-04,2021-11-07,CDG,38811
Play,2021-10-18,2021-11-04,2021-11-08,CDG,31965
Play,2021-10-18,2021-11-04,2021-11-11,CDG,42087
Play,2021-10-18,2021-11-04,2021-11-12,CDG,31965
Play,2021-10-18,2021-11-04,2021-11-14,CDG,33405
Play,2021-10-18,2021-11-04,2021-11-15,CDG,31965
Play,2021-10-18,2021-11-04,2021-11-18,CDG,30165
Play,2021-10-18,2021-11-04,2021-11-19,CDG,31965
Play,2021-10-18,2021-11-04,2021-11-21,CDG,31965
Play,2021-10-18,2021-11-04,2021-11-22,CDG,31965
Play,2021-10-18,2021-11-04,2021-11-25,CDG,31965
Play,2021-10-18,2021-11-04,2021-11-26,CDG,30165
Play,2021-10-18,2021-11-04,2021-11-28,CDG,30165
Play,2021-10-18,2021-11-04,2021-11-29,CDG,33405
Play,2021-10-18,2021-11-04,2021-12-02,CDG,30170
Play,2021-10-18,2021-11-04,2021-12-03,CDG,30170
Play,2021-10-18,2021-11-04,2021-12-05,CDG,35190
Play,2021-10-18,2021-11-04,2021-12-06,CDG,30170
Play,2021-10-18,2021-11-04,2021-12-09,CDG,30170
Play,2021-10-18,2021-11-04,2021-12-10,CDG,30170
Play,2021-10-18,2021-11-05,2021-11-07,CDG,46017
Play,2021-10-18,2021-11-05,2021-11-08,CDG,39171
Play,2021-10-18,2021-11-05,2021-11-11,CDG,49293
Play,2021-10-18,2021-11-05,2021-11-12,CDG,39171
Play,2021-10-18,2021-11-05,2021-11-14,CDG,40611
Play,2021-10-18,2021-11-05,2021-11-15,CDG,39171
Play,2021-10-18,2021-11-05,2021-11-18,CDG,37371
Play,2021-10-18,2021-11-05,2021-11-19,CDG,39171
Play,2021-10-18,2021-11-05,2021-11-21,CDG,39171
Play,2021-10-18,2021-11-05,2021-11-22,CDG,39171
Play,2021-10-18,2021-11-05,2021-11-25,CDG,39171
Play,2021-10-18,2021-11-05,2021-11-26,CDG,37371
Play,2021-10-18,2021-11-05,2021-11-28,CDG,37371
Play,2021-10-18,2021-11-05,2021-11-29,CDG,40611
Play,2021-10-18,2021-11-05,2021-12-02,CDG,37376
Play,2021-10-18,2021-11-05,2021-12-03,CDG,37376
Play,2021-10-18,2021-11-05,2021-12-05,CDG,42396
Play,2021-10-18,2021-11-05,2021-12-06,CDG,37376
Play,2021-10-18,2021-11-05,2021-12-09,CDG,37376
Play,2021-10-18,2021-11-05,2021-12-10,CDG,37376
Play,2021-10-18,2021-11-07,2021-11-08,CDG,39171
Play,2021-10-18,2021-11-07,2021-11-11,CDG,49293
Play,2021-10-18,2021-11-07,2021-11-12,CDG,39171
Play,2021-10-18,2021-11-07,2021-11-14,CDG,40611
Play,2021-10-18,2021-11-07,2021-11-15,CDG,39171
Play,2021-10-18,2021-11-07,2021-11-18,CDG,37371
Play,2021-10-18,2021-11-07,2021-11-19,CDG,39171
Play,2021-10-18,2021-11-07,2021-11-21,CDG,39171
Play,2021-10-18,2021-11-07,2021-11-22,CDG,39171
Play,2021-10-18,2021-11-07,2021-11-25,CDG,39171
Play,2021-10-18,2021-11-07,2021-11-26,CDG,37371
Play,2021-10-18,2021-11-07,2021-11-28,CDG,37371
Play,2021-10-18,2021-11-07,2021-11-29,CDG,40611
Play,2021-10-18,2021-11-07,2021-12-02,CDG,37376
Play,2021-10-18,2021-11-07,2021-12-03,CDG,37376
Play,2021-10-18,2021-11-07,2021-12-05,CDG,42396
Play,2021-10-18,2021-11-07,2021-12-06,CDG,37376
Play,2021-10-18,2021-11-07,2021-12-09,CDG,37376
Play,2021-10-18,2021-11-07,2021-12-10,CDG,37376
Play,2021-10-18,2021-11-08,2021-11-11,CDG,36789
Play,2021-10-18,2021-11-08,2021-11-12,CDG,26667
Play,2021-10-18,2021-11-08,2021-11-14,CDG,28107
Play,2021-10-18,2021-11-08,2021-11-15,CDG,26667
Play,2021-10-18,2021-11-08,2021-11-18,CDG,24867
Play,2021-10-18,2021-11-08,2021-11-19,CDG,26667
Play,2021-10-18,2021-11-08,2021-11-21,CDG,26667
Play,2021-10-18,2021-11-08,2021-11-22,CDG,26667
Play,2021-10-18,2021-11-08,2021-11-25,CDG,26667
Play,2021-10-18,2021-11-08,2021-11-26,CDG,24867
Play,2021-10-18,2021-11-08,2021-11-28,CDG,24867
Play,2021-10-18,2021-11-08,2021-11-29,CDG,28107
Play,2021-10-18,2021-11-08,2021-12-02,CDG,24872
Play,2021-10-18,2021-11-08,2021-12-03,CDG,24872
Play,2021-10-18,2021-11-08,2021-12-05,CDG,29892
Play,2021-10-18,2021-11-08,2021-12-06,CDG,24872
Play,2021-10-18,2021-11-08,2021-12-09,CDG,24872
Play,2021-10-18,2021-11-08,2021-12-10,CDG,24872
Play,2021-10-18,2021-11-11,2021-11-12,CDG,23283
Play,2021-10-18,2021-11-11,2021-11-14,CDG,24723
Play,2021-10-18,2021-11-11,2021-11-15,CDG,23283
Play,2021-10-18,2021-11-11,2021-11-18,CDG,21483
Play,2021-10-18,2021-11-11,2021-11-19,CDG,23283
Play,2021-10-18,2021-11-11,2021-11-21,CDG,23283
Play,2021-10-18,2021-11-11,2021-11-22,CDG,23283
Play,2021-10-18,2021-11-11,2021-11-25,CDG,23283
Play,2021-10-18,2021-11-11,2021-11-26,CDG,21483
Play,2021-10-18,2021-11-11,2021-11-28,CDG,21483
Play,2021-10-18,2021-11-11,2021-11-29,CDG,24723
Play,2021-10-18,2021-11-11,2021-12-02,CDG,21488
Play,2021-10-18,2021-11-11,2021-12-03,CDG,21488
Play,2021-10-18,2021-11-11,2021-12-05,CDG,26508
Play,2021-10-18,2021-11-11,2021-12-06,CDG,21488
Play,2021-10-18,2021-11-11,2021-12-09,CDG,21488
Play,2021-10-18,2021-11-11,2021-12-10,CDG,21488
Play,2021-10-18,2021-11-12,2021-11-14,CDG,23283
Play,2021-10-18,2021-11-12,2021-11-15,CDG,21843
Play,2021-10-18,2021-11-12,2021-11-18,CDG,20043
Play,2021-10-18,2021-11-12,2021-11-19,CDG,21843
Play,2021-10-18,2021-11-12,2021-11-21,CDG,21843
Play,2021-10-18,2021-11-12,2021-11-22,CDG,21843
Play,2021-10-18,2021-11-12,2021-11-25,CDG,21843
Play,2021-10-18,2021-11-12,2021-11-26,CDG,20043
Play,2021-10-18,2021-11-12,2021-11-28,CDG,20043
Play,2021-10-18,2021-11-12,2021-11-29,CDG,23283
Play,2021-10-18,2021-11-12,2021-12-02,CDG,20048
Play,2021-10-18,2021-11-12,2021-12-03,CDG,20048
Play,2021-10-18,2021-11-12,2021-12-05,CDG,25068
Play,2021-10-18,2021-11-12,2021-12-06,CDG,20048
Play,2021-10-18,2021-11-12,2021-12-09,CDG,20048
Play,2021-10-18,2021-11-12,2021-12-10,CDG,20048
Play,2021-10-18,2021-11-14,2021-11-15,CDG,34107
Play,2021-10-18,2021-11-14,2021-11-18,CDG,32307
Play,2021-10-18,2021-11-14,2021-11-19,CDG,34107
Play,2021-10-18,2021-11-14,2021-11-21,CDG,34107
Play,2021-10-18,2021-11-14,2021-11-22,CDG,34107
Play,2021-10-18,2021-11-14,2021-11-25,CDG,34107
Play,2021-10-18,2021-11-14,2021-11-26,CDG,32307
Play,2021-10-18,2021-11-14,2021-11-28,CDG,32307
Play,2021-10-18,2021-11-14,2021-11-29,CDG,35547
Play,2021-10-18,2021-11-14,2021-12-02,CDG,32312
Play,2021-10-18,2021-11-14,2021-12-03,CDG,32312
Play,2021-10-18,2021-11-14,2021-12-05,CDG,37332
Play,2021-10-18,2021-11-14,2021-12-06,CDG,32312
Play,2021-10-18,2021-11-14,2021-12-09,CDG,32312
Play,2021-10-18,2021-11-14,2021-12-10,CDG,32312
Play,2021-10-18,2021-11-15,2021-11-18,CDG,28527
Play,2021-10-18,2021-11-15,2021-11-19,CDG,30327
Play,2021-10-18,2021-11-15,2021-11-21,CDG,30327
Play,2021-10-18,2021-11-15,2021-11-22,CDG,30327
Play,2021-10-18,2021-11-15,2021-11-25,CDG,30327
Play,2021-10-18,2021-11-15,2021-11-26,CDG,28527
Play,2021-10-18,2021-11-15,2021-11-28,CDG,28527
Play,2021-10-18,2021-11-15,2021-11-29,CDG,31767
Play,2021-10-18,2021-11-15,2021-12-02,CDG,28532
Play,2021-10-18,2021-11-15,2021-12-03,CDG,28532
Play,2021-10-18,2021-11-15,2021-12-05,CDG,33552
Play,2021-10-18,2021-11-15,2021-12-06,CDG,28532
Play,2021-10-18,2021-11-15,2021-12-09,CDG,28532
Play,2021-10-18,2021-11-15,2021-12-10,CDG,28532
Play,2021-10-18,2021-11-18,2021-11-19,CDG,21843
Play,2021-10-18,2021-11-18,2021-11-21,CDG,21843
Play,2021-10-18,2021-11-18,2021-11-22,CDG,21843
Play,2021-10-18,2021-11-18,2021-11-25,CDG,21843
Play,2021-10-18,2021-11-18,2021-11-26,CDG,20043
Play,2021-10-18,2021-11-18,2021-11-28,CDG,20043
Play,2021-10-18,2021-11-18,2021-11-29,CDG,23283
Play,2021-10-18,2021-11-18,2021-12-02,CDG,20048
Play,2021-10-18,2021-11-18,2021-12-03,CDG,20048
Play,2021-10-18,2021-11-18,2021-12-05,CDG,25068
Play,2021-10-18,2021-11-18,2021-12-06,CDG,20048
Play,2021-10-18,2021-11-18,2021-12-09,CDG,20048
Play,2021-10-18,2021-11-18,2021-12-10,CDG,20048
Play,2021-10-18,2021-11-19,2021-11-21,CDG,23283
Play,2021-10-18,2021-11-19,2021-11-22,CDG,23283
Play,2021-10-18,2021-11-19,2021-11-25,CDG,23283
Play,2021-10-18,2021-11-19,2021-11-26,CDG,21483
Play,2021-10-18,2021-11-19,2021-11-28,CDG,21483
Play,2021-10-18,2021-11-19,2021-11-29,CDG,24723
Play,2021-10-18,2021-11-19,2021-12-02,CDG,21488
Play,2021-10-18,2021-11-19,2021-12-03,CDG,21488
Play,2021-10-18,2021-11-19,2021-12-05,CDG,26508
Play,2021-10-18,2021-11-19,2021-12-06,CDG,21488
Play,2021-10-18,2021-11-19,2021-12-09,CDG,21488
Play,2021-10-18,2021-11-19,2021-12-10,CDG,21488
Play,2021-10-18,2021-11-21,2021-11-22,CDG,20043
Play,2021-10-18,2021-11-21,2021-11-25,CDG,20043
Play,2021-10-18,2021-11-21,2021-11-26,CDG,18243
Play,2021-10-18,2021-11-21,2021-11-28,CDG,18243
Play,2021-10-18,2021-11-21,2021-11-29,CDG,21483
Play,2021-10-18,2021-11-21,2021-12-02,CDG,18248
Play,2021-10-18,2021-11-21,2021-12-03,CDG,18248
Play,2021-10-18,2021-11-21,2021-12-05,CDG,23268
Play,2021-10-18,2021-11-21,2021-12-06,CDG,18248
Play,2021-10-18,2021-11-21,2021-12-09,CDG,18248
Play,2021-10-18,2021-11-21,2021-12-10,CDG,18248
Play,2021-10-18,2021-11-22,2021-11-25,CDG,23283
Play,2021-10-18,2021-11-22,2021-11-26,CDG,21483
Play,2021-10-18,2021-11-22,2021-11-28,CDG,21483
Play,2021-10-18,2021-11-22,2021-11-29,CDG,24723
Play,2021-10-18,2021-11-22,2021-12-02,CDG,21488
Play,2021-10-18,2021-11-22,2021-12-03,CDG,21488
Play,2021-10-18,2021-11-22,2021-12-05,CDG,26508
Play,2021-10-18,2021-11-22,2021-12-06,CDG,21488
Play,2021-10-18,2021-11-22,2021-12-09,CDG,21488
Play,2021-10-18,2021-11-22,2021-12-10,CDG,21488
Play,2021-10-18,2021-11-25,2021-11-26,CDG,20043
Play,2021-10-18,2021-11-25,2021-11-28,CDG,20043
Play,2021-10-18,2021-11-25,2021-11-29,CDG,23283
Play,2021-10-18,2021-11-25,2021-12-02,CDG,20048
Play,2021-10-18,2021-11-25,2021-12-03,CDG,20048
Play,2021-10-18,2021-11-25,2021-12-05,CDG,25068
Play,2021-10-18,2021-11-25,2021-12-06,CDG,20048
Play,2021-10-18,2021-11-25,2021-12-09,CDG,20048
Play,2021-10-18,2021-11-25,2021-12-10,CDG,20048
Play,2021-10-18,2021-11-26,2021-11-28,CDG,20043
Play,2021-10-18,2021-11-26,2021-11-29,CDG,23283
Play,2021-10-18,2021-11-26,2021-12-02,CDG,20048
Play,2021-10-18,2021-11-26,2021-12-03,CDG,20048
Play,2021-10-18,2021-11-26,2021-12-05,CDG,25068
Play,2021-10-18,2021-11-26,2021-12-06,CDG,20048
Play,2021-10-18,2021-11-26,2021-12-09,CDG,20048
Play,2021-10-18,2021-11-26,2021-12-10,CDG,20048
Play,2021-10-18,2021-11-28,2021-11-29,CDG,23283
Play,2021-10-18,2021-11-28,2021-12-02,CDG,20048
Play,2021-10-18,2021-11-28,2021-12-03,CDG,20048
Play,2021-10-18,2021-11-28,2021-12-05,CDG,25068
Play,2021-10-18,2021-11-28,2021-12-06,CDG,20048
Play,2021-10-18,2021-11-28,2021-12-09,CDG,20048
Play,2021-10-18,2021-11-28,2021-12-10,CDG,20048
Play,2021-10-18,2021-11-29,2021-12-02,CDG,20048
Play,2021-10-18,2021-11-29,2021-12-03,CDG,20048
Play,2021-10-18,2021-11-29,2021-12-05,CDG,25068
Play,2021-10-18,2021-11-29,2021-12-06,CDG,20048
Play,2021-10-18,2021-11-29,2021-12-09,CDG,20048
Play,2021-10-18,2021-11-29,2021-12-10,CDG,20048
Play,2021-10-18,2021-12-02,2021-12-03,CDG,24872
Play,2021-10-18,2021-12-02,2021-12-05,CDG,29892
Play,2021-10-18,2021-12-02,2021-12-06,CDG,24872
Play,2021-10-18,2021-12-02,2021-12-09,CDG,24872
Play,2021-10-18,2021-12-02,2021-12-10,CDG,24872
Play,2021-10-18,2021-12-03,2021-12-05,CDG,23268
Play,2021-10-18,2021-12-03,2021-12-06,CDG,18248
Play,2021-10-18,2021-12-03,2021-12-09,CDG,18248
Play,2021-10-18,2021-12-03,2021-12-10,CDG,18248
Play,2021-10-18,2021-12-05,2021-12-06,CDG,18248
Play,2021-10-18,2021-12-05,2021-12-09,CDG,18248
Play,2021-10-18,2021-12-05,2021-12-10,CDG,18248
Play,2021-10-18,2021-12-06,2021-12-09,CDG,18253
Play,2021-10-18,2021-12-06,2021-12-10,CDG,18253
Play,2021-10-18,2021-12-09,2021-12-10,CDG,18248
Play,2021-10-18,2021-10-19,2021-10-23,TFS,86851
Play,2021-10-18,2021-10-19,2021-10-26,TFS,129601
Play,2021-10-18,2021-10-19,2021-10-30,TFS,96601
Play,2021-10-18,2021-10-19,2021-11-02,TFS,86851
Play,2021-10-18,2021-10-19,2021-11-06,TFS,71101
Play,2021-10-18,2021-10-19,2021-11-09,TFS,68101
Play,2021-10-18,2021-10-19,2021-11-13,TFS,68101
Play,2021-10-18,2021-10-19,2021-11-16,TFS,86851
Play,2021-10-18,2021-10-19,2021-11-20,TFS,77101
Play,2021-10-18,2021-10-19,2021-11-23,TFS,71101
Play,2021-10-18,2021-10-19,2021-11-27,TFS,77101
Play,2021-10-18,2021-10-19,2021-11-30,TFS,62101
Play,2021-10-18,2021-10-19,2021-12-04,TFS,57901
Play,2021-10-18,2021-10-19,2021-12-07,TFS,54606
Play,2021-10-18,2021-10-23,2021-10-26,TFS,139351
Play,2021-10-18,2021-10-23,2021-10-30,TFS,106351
Play,2021-10-18,2021-10-23,2021-11-02,TFS,96601
Play,2021-10-18,2021-10-23,2021-11-06,TFS,80851
Play,2021-10-18,2021-10-23,2021-11-09,TFS,77851
Play,2021-10-18,2021-10-23,2021-11-13,TFS,77851
Play,2021-10-18,2021-10-23,2021-11-16,TFS,96601
Play,2021-10-18,2021-10-23,2021-11-20,TFS,86851
Play,2021-10-18,2021-10-23,2021-11-23,TFS,80851
Play,2021-10-18,2021-10-23,2021-11-27,TFS,86851
Play,2021-10-18,2021-10-23,2021-11-30,TFS,71851
Play,2021-10-18,2021-10-23,2021-12-04,TFS,67651
Play,2021-10-18,2021-10-23,2021-12-07,TFS,64356
Play,2021-10-18,2021-10-26,2021-10-30,TFS,87601
Play,2021-10-18,2021-10-26,2021-11-02,TFS,77851
Play,2021-10-18,2021-10-26,2021-11-06,TFS,62101
Play,2021-10-18,2021-10-26,2021-11-09,TFS,59101
Play,2021-10-18,2021-10-26,2021-11-13,TFS,59101
Play,2021-10-18,2021-10-26,2021-11-16,TFS,77851
Play,2021-10-18,2021-10-26,2021-11-20,TFS,68101
Play,2021-10-18,2021-10-26,2021-11-23,TFS,62101
Play,2021-10-18,2021-10-26,2021-11-27,TFS,68101
Play,2021-10-18,2021-10-26,2021-11-30,TFS,53101
Play,2021-10-18,2021-10-26,2021-12-04,TFS,48901
Play,2021-10-18,2021-10-26,2021-12-07,TFS,45606
Play,2021-10-18,2021-10-30,2021-11-02,TFS,86851
Play,2021-10-18,2021-10-30,2021-11-06,TFS,71101
Play,2021-10-18,2021-10-30,2021-11-09,TFS,68101
Play,2021-10-18,2021-10-30,2021-11-13,TFS,68101
Play,2021-10-18,2021-10-30,2021-11-16,TFS,86851
Play,2021-10-18,2021-10-30,2021-11-20,TFS,77101
Play,2021-10-18,2021-10-30,2021-11-23,TFS,71101
Play,2021-10-18,2021-10-30,2021-11-27,TFS,77101
Play,2021-10-18,2021-10-30,2021-11-30,TFS,62101
Play,2021-10-18,2021-10-30,2021-12-04,TFS,57901
Play,2021-10-18,2021-10-30,2021-12-07,TFS,54606
Play,2021-10-18,2021-11-02,2021-11-06,TFS,71101
Play,2021-10-18,2021-11-02,2021-11-09,TFS,68101
Play,2021-10-18,2021-11-02,2021-11-13,TFS,68101
Play,2021-10-18,2021-11-02,2021-11-16,TFS,86851
Play,2021-10-18,2021-11-02,2021-11-20,TFS,77101
Play,2021-10-18,2021-11-02,2021-11-23,TFS,71101
Play,2021-10-18,2021-11-02,2021-11-27,TFS,77101
Play,2021-10-18,2021-11-02,2021-11-30,TFS,62101
Play,2021-10-18,2021-11-02,2021-12-04,TFS,57901
Play,2021-10-18,2021-11-02,2021-12-07,TFS,54606
Play,2021-10-18,2021-11-06,2021-11-09,TFS,62101
Play,2021-10-18,2021-11-06,2021-11-13,TFS,62101
Play,2021-10-18,2021-11-06,2021-11-16,TFS,80851
Play,2021-10-18,2021-11-06,2021-11-20,TFS,71101
Play,2021-10-18,2021-11-06,2021-11-23,TFS,65101
Play,2021-10-18,2021-11-06,2021-11-27,TFS,71101
Play,2021-10-18,2021-11-06,2021-11-30,TFS,56101
Play,2021-10-18,2021-11-06,2021-12-04,TFS,51901
Play,2021-10-18,2021-11-06,2021-12-07,TFS,48606
Play,2021-10-18,2021-11-09,2021-11-13,TFS,62101
Play,2021-10-18,2021-11-09,2021-11-16,TFS,80851
Play,2021-10-18,2021-11-09,2021-11-20,TFS,71101
Play,2021-10-18,2021-11-09,2021-11-23,TFS,65101
Play,2021-10-18,2021-11-09,2021-11-27,TFS,71101
Play,2021-10-18,2021-11-09,2021-11-30,TFS,56101
Play,2021-10-18,2021-11-09,2021-12-04,TFS,51901
Play,2021-10-18,2021-11-09,2021-12-07,TFS,48606
Play,2021-10-18,2021-11-13,2021-11-16,TFS,77851
Play,2021-10-18,2021-11-13,2021-11-20,TFS,68101
Play,2021-10-18,2021-11-13,2021-11-23,TFS,62101
Play,2021-10-18,2021-11-13,2021-11-27,TFS,68101
Play,2021-10-18,2021-11-13,2021-11-30,TFS,53101
Play,2021-10-18,2021-11-13,2021-12-04,TFS,48901
Play,2021-10-18,2021-11-13,2021-12-07,TFS,45606
Play,2021-10-18,2021-11-16,2021-11-20,TFS,62101
Play,2021-10-18,2021-11-16,2021-11-23,TFS,56101
Play,2021-10-18,2021-11-16,2021-11-27,TFS,62101
Play,2021-10-18,2021-11-16,2021-11-30,TFS,47101
Play,2021-10-18,2021-11-16,2021-12-04,TFS,42901
Play,2021-10-18,2021-11-16,2021-12-07,TFS,39606
Play,2021-10-18,2021-11-20,2021-11-23,TFS,59101
Play,2021-10-18,2021-11-20,2021-11-27,TFS,65101
Play,2021-10-18,2021-11-20,2021-11-30,TFS,50101
Play,2021-10-18,2021-11-20,2021-12-04,TFS,45901
Play,2021-10-18,2021-11-20,2021-12-07,TFS,42606
Play,2021-10-18,2021-11-23,2021-11-27,TFS,62101
Play,2021-10-18,2021-11-23,2021-11-30,TFS,47101
Play,2021-10-18,2021-11-23,2021-12-04,TFS,42901
Play,2021-10-18,2021-11-23,2021-12-07,TFS,39606
Play,2021-10-18,2021-11-27,2021-11-30,TFS,42901
Play,2021-10-18,2021-11-27,2021-12-04,TFS,38701
Play,2021-10-18,2021-11-27,2021-12-07,TFS,35406
Play,2021-10-18,2021-11-30,2021-12-04,TFS,40651
Play,2021-10-18,2021-11-30,2021-12-07,TFS,37356
Play,2021-10-18,2021-12-04,2021-12-07,TFS,42606
